,state,district,Complete,No Activity,No Biometric,Only Demographic,Only Enrolment,Unclear,total_pincodes
0,Andaman & Nicobar Islands,Andamans,25.0 %,41.67 %,0.0 %,0.0 %,0.0 %,33.33 %,12.0
1,Andaman & Nicobar Islands,Nicobars,0.0 %,0.0 %,0.0 %,0.0 %,0.0 %,100.0 %,1.0
2,Andaman & Nicobar Islands,South Andaman,0.0 %,33.33 %,0.0 %,0.0 %,0.0 %,66.67 %,6.0
3,Andaman and Nicobar Islands,Nicobar,25.0 %,0.0 %,0.0 %,0.0 %,0.0 %,75.0 %,4.0
4,Andaman and Nicobar Islands,North And Middle Andaman,25.0 %,12.5 %,0.0 %,0.0 %,0.0 %,62.5 %,8.0
5,Andaman and Nicobar Islands,South Andaman,58.33 %,8.33 %,0.0 %,0.0 %,0.0 %,33.33 %,12.0
6,Andhra Pradesh,Adilabad,81.25 %,0.0 %,0.0 %,0.0 %,0.0 %,18.75 %,48.0
7,Andhra Pradesh,Alluri Sitharama Raju,58.14 %,9.3 %,0.0 %,0.0 %,0.0 %,32.56 %,43.0
8,Andhra Pradesh,Anakapalli,22.5 %,0.0 %,0.0 %,0.0 %,0.0 %,77.5 %,40.0
9,Andhra Pradesh,Anantapur,82.61 %,0.0 %,0.0 %,0.0 %,0.0 %,17.39 %,92.0
10,Andhra Pradesh,Ananthapur,59.57 %,1.06 %,0.0 %,1.06 %,0.0 %,38.3 %,94.0
11,Andhra Pradesh,Ananthapuramu,57.89 %,1.05 %,0.0 %,0.0 %,0.0 %,41.05 %,95.0
12,Andhra Pradesh,Annamayya,44.68 %,2.13 %,0.0 %,2.13 %,0.0 %,51.06 %,47.0
13,Andhra Pradesh,Bapatla,41.38 %,1.72 %,0.0 %,0.0 %,0.0 %,56.9 %,58.0
14,Andhra Pradesh,Chittoor,88.12 %,0.99 %,0.0 %,0.0 %,0.0 %,10.89 %,101.0
15,Andhra Pradesh,Cuddapah,89.16 %,1.2 %,0.0 %,0.0 %,0.0 %,9.64 %,83.0
16,Andhra Pradesh,Dr. B. R. Ambedkar Konaseema,30.91 %,0.0 %,0.0 %,0.0 %,0.0 %,69.09 %,55.0
17,Andhra Pradesh,East Godavari,74.68 %,2.6 %,0.0 %,0.0 %,0.0 %,22.73 %,154.0
18,Andhra Pradesh,Eluru,40.91 %,1.52 %,0.0 %,1.52 %,0.0 %,56.06 %,66.0
19,Andhra Pradesh,Guntur,88.99 %,0.0 %,0.0 %,0.0 %,0.0 %,11.01 %,109.0
20,Andhra Pradesh,Hyderabad,76.71 %,4.11 %,0.0 %,2.74 %,0.0 %,16.44 %,73.0
21,Andhra Pradesh,K.V.Rangareddy,8.7 %,40.58 %,0.0 %,5.8 %,1.45 %,43.48 %,69.0
22,Andhra Pradesh,K.v. Rangareddy,1.59 %,33.33 %,1.59 %,3.17 %,1.59 %,58.73 %,63.0
23,Andhra Pradesh,Kakinada,60.53 %,0.0 %,0.0 %,0.0 %,0.0 %,39.47 %,38.0
24,Andhra Pradesh,Karim Nagar,4.0 %,33.33 %,0.0 %,5.33 %,0.0 %,57.33 %,75.0
25,Andhra Pradesh,Karimnagar,43.21 %,6.17 %,0.0 %,0.0 %,0.0 %,50.62 %,81.0
26,Andhra Pradesh,Khammam,80.0 %,1.67 %,0.0 %,0.0 %,0.0 %,18.33 %,60.0
27,Andhra Pradesh,Krishna,79.46 %,0.0 %,0.0 %,0.0 %,0.0 %,20.54 %,112.0
28,Andhra Pradesh,Kurnool,95.35 %,0.0 %,0.0 %,0.0 %,0.0 %,4.65 %,86.0
29,Andhra Pradesh,Mahabub Nagar,57.35 %,13.24 %,4.41 %,1.47 %,2.94 %,20.59 %,68.0
30,Andhra Pradesh,Mahabubnagar,0.0 %,56.6 %,0.0 %,9.43 %,0.0 %,33.96 %,53.0
31,Andhra Pradesh,Mahbubnagar,52.86 %,1.43 %,0.0 %,1.43 %,1.43 %,42.86 %,70.0
32,Andhra Pradesh,Medak,64.47 %,3.95 %,0.0 %,1.32 %,1.32 %,28.95 %,76.0
33,Andhra Pradesh,N. T. R,71.79 %,0.0 %,0.0 %,0.0 %,0.0 %,28.21 %,39.0
34,Andhra Pradesh,Nalgonda,91.23 %,0.0 %,0.0 %,0.0 %,0.0 %,8.77 %,57.0
35,Andhra Pradesh,Nandyal,41.18 %,0.0 %,0.0 %,0.0 %,0.0 %,58.82 %,51.0
36,Andhra Pradesh,Nellore,95.12 %,1.22 %,0.0 %,0.0 %,0.0 %,3.66 %,82.0
37,Andhra Pradesh,Nizamabad,44.23 %,0.0 %,3.85 %,0.0 %,0.0 %,51.92 %,52.0
38,Andhra Pradesh,Palnadu,52.27 %,0.0 %,0.0 %,0.0 %,0.0 %,47.73 %,44.0
39,Andhra Pradesh,Parvathipuram Manyam,59.26 %,0.0 %,0.0 %,0.0 %,0.0 %,40.74 %,27.0
40,Andhra Pradesh,Prakasam,95.0 %,0.0 %,0.0 %,0.0 %,0.0 %,5.0 %,100.0
41,Andhra Pradesh,Rangareddi,75.36 %,13.04 %,0.0 %,0.0 %,0.0 %,11.59 %,69.0
42,Andhra Pradesh,Spsr Nellore,0.0 %,0.0 %,0.0 %,0.0 %,100.0 %,0.0 %,14.0
43,Andhra Pradesh,Sri Potti Sriramulu Nellore,88.73 %,0.0 %,0.0 %,0.0 %,1.41 %,9.86 %,71.0
44,Andhra Pradesh,Sri Sathya Sai,43.14 %,0.0 %,0.0 %,0.0 %,0.0 %,56.86 %,51.0
45,Andhra Pradesh,Srikakulam,73.13 %,1.49 %,0.0 %,0.0 %,0.0 %,25.37 %,67.0
46,Andhra Pradesh,Tirupati,76.27 %,1.69 %,0.0 %,0.0 %,0.0 %,22.03 %,59.0
47,Andhra Pradesh,Visakhapatanam,0.0 %,0.0 %,0.0 %,0.0 %,100.0 %,0.0 %,1.0
48,Andhra Pradesh,Visakhapatnam,81.91 %,2.13 %,0.0 %,0.0 %,0.0 %,15.96 %,94.0
49,Andhra Pradesh,Vizianagaram,67.14 %,1.43 %,0.0 %,0.0 %,0.0 %,31.43 %,70.0
50,Andhra Pradesh,Warangal,69.86 %,0.0 %,0.0 %,0.0 %,0.0 %,30.14 %,73.0
51,Andhra Pradesh,West Godavari,81.36 %,0.85 %,0.0 %,0.0 %,0.0 %,17.8 %,118.0
52,Andhra Pradesh,Y. S. R,37.7 %,4.92 %,0.0 %,0.0 %,0.0 %,57.38 %,61.0
53,Arunachal Pradesh,Anjaw,100.0 %,0.0 %,0.0 %,0.0 %,0.0 %,0.0 %,1.0
54,Arunachal Pradesh,Changlang,75.0 %,0.0 %,0.0 %,0.0 %,0.0 %,25.0 %,8.0
55,Arunachal Pradesh,Dibang Valley,100.0 %,0.0 %,0.0 %,0.0 %,0.0 %,0.0 %,2.0
56,Arunachal Pradesh,East Kameng,100.0 %,0.0 %,0.0 %,0.0 %,0.0 %,0.0 %,2.0
57,Arunachal Pradesh,East Siang,66.67 %,0.0 %,0.0 %,0.0 %,0.0 %,33.33 %,3.0
58,Arunachal Pradesh,Kamle,100.0 %,0.0 %,0.0 %,0.0 %,0.0 %,0.0 %,1.0
59,Arunachal Pradesh,Kra Daadi,100.0 %,0.0 %,0.0 %,0.0 %,0.0 %,0.0 %,1.0
60,Arunachal Pradesh,Kurung Kumey,100.0 %,0.0 %,0.0 %,0.0 %,0.0 %,0.0 %,1.0
61,Arunachal Pradesh,Leparada,100.0 %,0.0 %,0.0 %,0.0 %,0.0 %,0.0 %,1.0
62,Arunachal Pradesh,Lohit,80.0 %,20.0 %,0.0 %,0.0 %,0.0 %,0.0 %,5.0
63,Arunachal Pradesh,Longding,60.0 %,0.0 %,0.0 %,0.0 %,0.0 %,40.0 %,5.0
64,Arunachal Pradesh,Lower Dibang Valley,100.0 %,0.0 %,0.0 %,0.0 %,0.0 %,0.0 %,1.0
65,Arunachal Pradesh,Lower Siang,100.0 %,0.0 %,0.0 %,0.0 %,0.0 %,0.0 %,3.0
66,Arunachal Pradesh,Lower Subansiri,66.67 %,33.33 %,0.0 %,0.0 %,0.0 %,0.0 %,3.0
67,Arunachal Pradesh,Namsai,100.0 %,0.0 %,0.0 %,0.0 %,0.0 %,0.0 %,3.0
68,Arunachal Pradesh,Pakke Kessang,100.0 %,0.0 %,0.0 %,0.0 %,0.0 %,0.0 %,1.0
69,Arunachal Pradesh,Papum Pare,87.5 %,0.0 %,0.0 %,0.0 %,0.0 %,12.5 %,8.0
70,Arunachal Pradesh,Shi-yomi,50.0 %,0.0 %,0.0 %,0.0 %,0.0 %,50.0 %,2.0
71,Arunachal Pradesh,Siang,100.0 %,0.0 %,0.0 %,0.0 %,0.0 %,0.0 %,2.0
72,Arunachal Pradesh,Tawang,100.0 %,0.0 %,0.0 %,0.0 %,0.0 %,0.0 %,3.0
73,Arunachal Pradesh,Tirap,66.67 %,0.0 %,0.0 %,0.0 %,0.0 %,33.33 %,6.0
74,Arunachal Pradesh,Upper Siang,50.0 %,0.0 %,0.0 %,0.0 %,0.0 %,50.0 %,4.0
75,Arunachal Pradesh,Upper Subansiri,100.0 %,0.0 %,0.0 %,0.0 %,0.0 %,0.0 %,1.0
76,Arunachal Pradesh,West Kameng,100.0 %,0.0 %,0.0 %,0.0 %,0.0 %,0.0 %,7.0
77,Arunachal Pradesh,West Siang,100.0 %,0.0 %,0.0 %,0.0 %,0.0 %,0.0 %,4.0
78,Assam,Bajali,25.0 %,25.0 %,16.67 %,8.33 %,8.33 %,16.67 %,12.0
79,Assam,Baksa,74.07 %,3.7 %,0.0 %,0.0 %,0.0 %,22.22 %,27.0
80,Assam,Barpeta,71.88 %,15.62 %,0.0 %,3.12 %,3.12 %,6.25 %,32.0
81,Assam,Biswanath,93.75 %,0.0 %,0.0 %,0.0 %,0.0 %,6.25 %,16.0
82,Assam,Bongaigaon,81.25 %,0.0 %,0.0 %,0.0 %,0.0 %,18.75 %,16.0
83,Assam,Cachar,75.0 %,7.35 %,0.0 %,0.0 %,1.47 %,16.18 %,68.0
84,Assam,Charaideo,100.0 %,0.0 %,0.0 %,0.0 %,0.0 %,0.0 %,11.0
85,Assam,Chirang,66.67 %,16.67 %,0.0 %,0.0 %,0.0 %,16.67 %,18.0
86,Assam,Darrang,60.87 %,26.09 %,0.0 %,0.0 %,4.35 %,8.7 %,23.0
87,Assam,Dhemaji,65.0 %,20.0 %,0.0 %,10.0 %,0.0 %,5.0 %,20.0
88,Assam,Dhubri,83.33 %,8.33 %,0.0 %,0.0 %,0.0 %,8.33 %,24.0
89,Assam,Dibrugarh,96.67 %,0.0 %,0.0 %,0.0 %,0.0 %,3.33 %,30.0
90,Assam,Dima Hasao,42.86 %,28.57 %,0.0 %,0.0 %,14.29 %,14.29 %,7.0
91,Assam,Goalpara,93.33 %,6.67 %,0.0 %,0.0 %,0.0 %,0.0 %,15.0
92,Assam,Golaghat,62.5 %,21.88 %,0.0 %,0.0 %,0.0 %,15.62 %,32.0
93,Assam,Hailakandi,60.87 %,4.35 %,0.0 %,4.35 %,13.04 %,17.39 %,23.0
94,Assam,Hojai,100.0 %,0.0 %,0.0 %,0.0 %,0.0 %,0.0 %,10.0
95,Assam,Jorhat,78.57 %,7.14 %,0.0 %,2.38 %,0.0 %,11.9 %,42.0
96,Assam,Kamrup,66.67 %,4.55 %,3.03 %,0.0 %,3.03 %,22.73 %,66.0
97,Assam,Kamrup Metro,97.56 %,0.0 %,0.0 %,0.0 %,0.0 %,2.44 %,41.0
98,Assam,Karbi Anglong,50.0 %,35.0 %,2.5 %,2.5 %,0.0 %,10.0 %,40.0
99,Assam,Karimganj,89.66 %,10.34 %,0.0 %,0.0 %,0.0 %,0.0 %,29.0
100,Assam,Kokrajhar,72.73 %,9.09 %,4.55 %,4.55 %,4.55 %,4.55 %,22.0
101,Assam,Lakhimpur,85.0 %,10.0 %,0.0 %,0.0 %,0.0 %,5.0 %,20.0
102,Assam,Majuli,100.0 %,0.0 %,0.0 %,0.0 %,0.0 %,0.0 %,6.0
103,Assam,Marigaon,82.35 %,5.88 %,0.0 %,0.0 %,0.0 %,11.76 %,17.0
104,Assam,Nagaon,89.74 %,5.13 %,0.0 %,0.0 %,0.0 %,5.13 %,39.0
105,Assam,Nalbari,71.79 %,10.26 %,0.0 %,5.13 %,2.56 %,10.26 %,39.0
106,Assam,North Cachar Hills,75.0 %,0.0 %,0.0 %,0.0 %,0.0 %,25.0 %,8.0
107,Assam,Sibsagar,80.0 %,8.57 %,0.0 %,0.0 %,0.0 %,11.43 %,35.0
108,Assam,Sivasagar,0.0 %,0.0 %,0.0 %,0.0 %,100.0 %,0.0 %,3.0
109,Assam,Sonitpur,80.39 %,15.69 %,0.0 %,0.0 %,0.0 %,3.92 %,51.0
110,Assam,South Salmara Mankachar,100.0 %,0.0 %,0.0 %,0.0 %,0.0 %,0.0 %,4.0
111,Assam,Sribhumi,37.04 %,18.52 %,22.22 %,7.41 %,7.41 %,7.41 %,27.0
112,Assam,Tamulpur District,83.33 %,0.0 %,0.0 %,0.0 %,0.0 %,16.67 %,6.0
113,Assam,Tinsukia,93.33 %,0.0 %,0.0 %,0.0 %,0.0 %,6.67 %,30.0
114,Assam,Udalguri,53.33 %,26.67 %,2.22 %,2.22 %,4.44 %,11.11 %,45.0
115,Assam,West Karbi Anglong,62.5 %,12.5 %,0.0 %,12.5 %,0.0 %,12.5 %,8.0
116,BALANAGAR,IDPL COLONY,0.0 %,100.0 %,0.0 %,0.0 %,0.0 %,0.0 %,1.0
117,Bihar,Araria,81.82 %,4.55 %,0.0 %,0.0 %,0.0 %,13.64 %,22.0
118,Bihar,Arwal,50.0 %,13.64 %,0.0 %,0.0 %,13.64 %,22.73 %,22.0
119,Bihar,Aurangabad,87.5 %,9.38 %,0.0 %,0.0 %,0.0 %,3.12 %,32.0
120,Bihar,Aurangabad(BH),0.0 %,73.33 %,0.0 %,6.67 %,13.33 %,6.67 %,15.0
121,Bihar,Aurangabad(bh),12.0 %,36.0 %,4.0 %,0.0 %,24.0 %,24.0 %,25.0
122,Bihar,Banka,71.79 %,5.13 %,0.0 %,0.0 %,2.56 %,20.51 %,39.0
123,Bihar,Begusarai,97.06 %,0.0 %,0.0 %,0.0 %,0.0 %,2.94 %,34.0
124,Bihar,Bhabua,8.33 %,25.0 %,16.67 %,0.0 %,25.0 %,25.0 %,12.0
125,Bihar,Bhagalpur,89.19 %,2.7 %,0.0 %,0.0 %,2.7 %,5.41 %,37.0
126,Bihar,Bhojpur,93.18 %,4.55 %,0.0 %,0.0 %,0.0 %,2.27 %,44.0
127,Bihar,Buxar,96.43 %,3.57 %,0.0 %,0.0 %,0.0 %,0.0 %,28.0
128,Bihar,Darbhanga,85.71 %,8.16 %,0.0 %,0.0 %,4.08 %,2.04 %,49.0
129,Bihar,East Champaran,100.0 %,0.0 %,0.0 %,0.0 %,0.0 %,0.0 %,39.0
130,Bihar,Gaya,79.07 %,6.98 %,2.33 %,2.33 %,2.33 %,6.98 %,43.0
131,Bihar,Gopalganj,95.83 %,4.17 %,0.0 %,0.0 %,0.0 %,0.0 %,24.0
132,Bihar,Jamui,86.67 %,6.67 %,0.0 %,0.0 %,0.0 %,6.67 %,15.0
133,Bihar,Jehanabad,84.0 %,16.0 %,0.0 %,0.0 %,0.0 %,0.0 %,25.0
134,Bihar,Kaimur (Bhabua),45.83 %,20.83 %,0.0 %,0.0 %,4.17 %,29.17 %,24.0
135,Bihar,Katihar,78.57 %,14.29 %,0.0 %,0.0 %,0.0 %,7.14 %,28.0
136,Bihar,Khagaria,93.75 %,6.25 %,0.0 %,0.0 %,0.0 %,0.0 %,16.0
137,Bihar,Kishanganj,72.73 %,18.18 %,0.0 %,0.0 %,9.09 %,0.0 %,11.0
138,Bihar,Lakhisarai,78.57 %,7.14 %,0.0 %,0.0 %,0.0 %,14.29 %,14.0
139,Bihar,Madhepura,72.0 %,0.0 %,0.0 %,0.0 %,0.0 %,28.0 %,25.0
140,Bihar,Madhubani,93.48 %,4.35 %,0.0 %,0.0 %,0.0 %,2.17 %,46.0
141,Bihar,Monghyr,10.0 %,30.0 %,10.0 %,0.0 %,20.0 %,30.0 %,10.0
142,Bihar,Munger,61.11 %,22.22 %,0.0 %,0.0 %,0.0 %,16.67 %,18.0
143,Bihar,Muzaffarpur,94.55 %,0.0 %,0.0 %,0.0 %,0.0 %,5.45 %,55.0
144,Bihar,Nalanda,91.18 %,5.88 %,0.0 %,0.0 %,0.0 %,2.94 %,34.0
145,Bihar,Nawada,92.31 %,3.85 %,0.0 %,0.0 %,0.0 %,3.85 %,26.0
146,Bihar,Pashchim Champaran,16.67 %,16.67 %,5.56 %,5.56 %,38.89 %,16.67 %,18.0
147,Bihar,Patna,82.28 %,3.8 %,0.0 %,1.27 %,0.0 %,12.66 %,79.0
148,Bihar,Purba Champaran,7.89 %,28.95 %,5.26 %,7.89 %,18.42 %,31.58 %,38.0
149,Bihar,Purbi Champaran,0.0 %,0.0 %,0.0 %,0.0 %,100.0 %,0.0 %,12.0
150,Bihar,Purnea,21.74 %,47.83 %,4.35 %,4.35 %,4.35 %,17.39 %,23.0
151,Bihar,Purnia,75.0 %,11.11 %,0.0 %,5.56 %,5.56 %,2.78 %,36.0
152,Bihar,Rohtas,86.11 %,8.33 %,0.0 %,0.0 %,0.0 %,5.56 %,36.0
153,Bihar,Saharsa,100.0 %,0.0 %,0.0 %,0.0 %,0.0 %,0.0 %,18.0
154,Bihar,Samastipur,90.91 %,2.27 %,0.0 %,0.0 %,0.0 %,6.82 %,44.0
155,Bihar,Samstipur,10.53 %,39.47 %,0.0 %,7.89 %,28.95 %,13.16 %,38.0
156,Bihar,Saran,98.08 %,0.0 %,0.0 %,1.92 %,0.0 %,0.0 %,52.0
157,Bihar,Sheikhpura,88.89 %,0.0 %,0.0 %,0.0 %,0.0 %,11.11 %,9.0
158,Bihar,Sheikpura,16.67 %,66.67 %,0.0 %,0.0 %,0.0 %,16.67 %,6.0
159,Bihar,Sheohar,75.0 %,0.0 %,0.0 %,0.0 %,0.0 %,25.0 %,8.0
160,Bihar,Sitamarhi,96.15 %,0.0 %,0.0 %,0.0 %,0.0 %,3.85 %,26.0
161,Bihar,Siwan,93.62 %,2.13 %,0.0 %,0.0 %,4.26 %,0.0 %,47.0
162,Bihar,Supaul,88.46 %,7.69 %,0.0 %,0.0 %,0.0 %,3.85 %,26.0
163,Bihar,Vaishali,97.37 %,0.0 %,0.0 %,0.0 %,0.0 %,2.63 %,38.0
164,Bihar,West Champaran,95.0 %,5.0 %,0.0 %,0.0 %,0.0 %,0.0 %,20.0
165,Chandigarh,Chandigarh,61.54 %,0.0 %,0.0 %,0.0 %,0.0 %,38.46 %,26.0
166,Chandigarh,Mohali,0.0 %,0.0 %,0.0 %,0.0 %,0.0 %,100.0 %,1.0
167,Chandigarh,Rupnagar,0.0 %,33.33 %,0.0 %,0.0 %,0.0 %,66.67 %,3.0
168,Chhatisgarh,Raipur,0.0 %,0.0 %,0.0 %,0.0 %,0.0 %,100.0 %,1.0
169,Chhattisgarh,Balod,29.03 %,32.26 %,0.0 %,3.23 %,0.0 %,35.48 %,31.0
170,Chhattisgarh,Baloda Bazar,39.13 %,34.78 %,0.0 %,6.52 %,2.17 %,17.39 %,46.0
171,Chhattisgarh,Balrampur,77.78 %,11.11 %,0.0 %,0.0 %,0.0 %,11.11 %,9.0
172,Chhattisgarh,Bastar,32.35 %,17.65 %,0.0 %,5.88 %,2.94 %,41.18 %,34.0
173,Chhattisgarh,Bemetara,61.54 %,23.08 %,0.0 %,0.0 %,0.0 %,15.38 %,13.0
174,Chhattisgarh,Bijapur,75.0 %,12.5 %,0.0 %,0.0 %,0.0 %,12.5 %,8.0
175,Chhattisgarh,Bilaspur,71.88 %,21.88 %,0.0 %,0.0 %,0.0 %,6.25 %,32.0
176,Chhattisgarh,Dakshin Bastar Dantewada,80.0 %,10.0 %,0.0 %,0.0 %,0.0 %,10.0 %,10.0
177,Chhattisgarh,Dantewada,75.0 %,12.5 %,0.0 %,0.0 %,0.0 %,12.5 %,8.0
178,Chhattisgarh,Dhamtari,66.67 %,0.0 %,0.0 %,0.0 %,0.0 %,33.33 %,15.0
179,Chhattisgarh,Durg,64.71 %,11.76 %,0.0 %,0.0 %,0.0 %,23.53 %,34.0
180,Chhattisgarh,Gariyaband,44.44 %,5.56 %,0.0 %,2.78 %,0.0 %,47.22 %,36.0
181,Chhattisgarh,Gaurela-pendra-marwahi,100.0 %,0.0 %,0.0 %,0.0 %,0.0 %,0.0 %,3.0
182,Chhattisgarh,Gaurella Pendra Marwahi,0.0 %,0.0 %,0.0 %,0.0 %,100.0 %,0.0 %,3.0
183,Chhattisgarh,Janjgir - Champa,6.67 %,53.33 %,0.0 %,33.33 %,0.0 %,6.67 %,15.0
184,Chhattisgarh,Janjgir Champa,5.26 %,42.11 %,0.0 %,5.26 %,0.0 %,47.37 %,19.0
185,Chhattisgarh,Janjgir-champa,79.17 %,0.0 %,0.0 %,0.0 %,0.0 %,20.83 %,24.0
186,Chhattisgarh,Jashpur,87.5 %,6.25 %,0.0 %,0.0 %,0.0 %,6.25 %,16.0
187,Chhattisgarh,Kabeerdham,80.0 %,0.0 %,0.0 %,0.0 %,0.0 %,20.0 %,5.0
188,Chhattisgarh,Kanker,100.0 %,0.0 %,0.0 %,0.0 %,0.0 %,0.0 %,14.0
189,Chhattisgarh,Kawardha,66.67 %,33.33 %,0.0 %,0.0 %,0.0 %,0.0 %,6.0
190,Chhattisgarh,Khairagarh Chhuikhadan Gandai,80.0 %,0.0 %,0.0 %,20.0 %,0.0 %,0.0 %,5.0
191,Chhattisgarh,Kondagaon,41.18 %,29.41 %,0.0 %,0.0 %,5.88 %,23.53 %,17.0
192,Chhattisgarh,Korba,100.0 %,0.0 %,0.0 %,0.0 %,0.0 %,0.0 %,18.0
193,Chhattisgarh,Koriya,72.22 %,0.0 %,0.0 %,0.0 %,0.0 %,27.78 %,18.0
194,Chhattisgarh,Mahasamund,87.5 %,0.0 %,0.0 %,0.0 %,0.0 %,12.5 %,8.0
195,Chhattisgarh,ManendragarhChirmiriBharatpur,0.0 %,0.0 %,0.0 %,0.0 %,0.0 %,100.0 %,1.0
196,Chhattisgarh,Manendragarh–Chirmiri–Bharatpur,33.33 %,0.0 %,16.67 %,16.67 %,8.33 %,25.0 %,12.0
197,Chhattisgarh,Mohalla-Manpur-Ambagarh Chowki,50.0 %,0.0 %,0.0 %,0.0 %,0.0 %,50.0 %,4.0
198,Chhattisgarh,Mohla-Manpur-Ambagarh Chouki,100.0 %,0.0 %,0.0 %,0.0 %,0.0 %,0.0 %,4.0
199,Chhattisgarh,Mungeli,50.0 %,0.0 %,0.0 %,0.0 %,0.0 %,50.0 %,12.0
200,Chhattisgarh,Narayanpur,25.0 %,25.0 %,0.0 %,0.0 %,0.0 %,50.0 %,4.0
201,Chhattisgarh,Raigarh,88.89 %,5.56 %,0.0 %,0.0 %,0.0 %,5.56 %,18.0
202,Chhattisgarh,Raipur,65.96 %,21.28 %,0.0 %,0.0 %,0.0 %,12.77 %,47.0
203,Chhattisgarh,Rajnandgaon,72.22 %,16.67 %,0.0 %,0.0 %,0.0 %,11.11 %,18.0
204,Chhattisgarh,Sakti,100.0 %,0.0 %,0.0 %,0.0 %,0.0 %,0.0 %,8.0
205,Chhattisgarh,Sarangarh-Bilaigarh,75.0 %,0.0 %,0.0 %,25.0 %,0.0 %,0.0 %,8.0
206,Chhattisgarh,Sukma,80.0 %,0.0 %,0.0 %,0.0 %,0.0 %,20.0 %,5.0
207,Chhattisgarh,Surajpur,76.92 %,7.69 %,0.0 %,0.0 %,0.0 %,15.38 %,13.0
208,Chhattisgarh,Surguja,80.0 %,13.33 %,0.0 %,0.0 %,0.0 %,6.67 %,15.0
209,Chhattisgarh,Uttar Bastar Kanker,63.16 %,5.26 %,0.0 %,5.26 %,0.0 %,26.32 %,19.0
210,Dadra & Nagar Haveli,Dadra & Nagar Haveli,25.0 %,50.0 %,0.0 %,0.0 %,0.0 %,25.0 %,4.0
211,Dadra and Nagar Haveli,Dadra and Nagar Haveli,100.0 %,0.0 %,0.0 %,0.0 %,0.0 %,0.0 %,4.0
212,Dadra and Nagar Haveli and Daman and Diu,Dadra and Nagar Haveli,100.0 %,0.0 %,0.0 %,0.0 %,0.0 %,0.0 %,4.0
213,Dadra and Nagar Haveli and Daman and Diu,Daman,33.33 %,33.33 %,0.0 %,0.0 %,0.0 %,33.33 %,3.0
214,Dadra and Nagar Haveli and Daman and Diu,Diu,66.67 %,0.0 %,0.0 %,0.0 %,0.0 %,33.33 %,3.0
215,Daman & Diu,Daman,50.0 %,0.0 %,0.0 %,0.0 %,0.0 %,50.0 %,2.0
216,Daman & Diu,Diu,0.0 %,0.0 %,0.0 %,0.0 %,0.0 %,100.0 %,3.0
217,Daman and Diu,Daman,100.0 %,0.0 %,0.0 %,0.0 %,0.0 %,0.0 %,3.0
218,Daman and Diu,Diu,66.67 %,0.0 %,0.0 %,0.0 %,0.0 %,33.33 %,3.0
219,Darbhanga,Near University Thana,0.0 %,100.0 %,0.0 %,0.0 %,0.0 %,0.0 %,1.0
220,Delhi,Central Delhi,76.92 %,0.0 %,0.0 %,0.0 %,15.38 %,7.69 %,13.0
221,Delhi,East Delhi,80.0 %,0.0 %,0.0 %,0.0 %,0.0 %,20.0 %,10.0
222,Delhi,Najafgarh,100.0 %,0.0 %,0.0 %,0.0 %,0.0 %,0.0 %,1.0
223,Delhi,New Delhi,22.22 %,0.0 %,0.0 %,0.0 %,55.56 %,22.22 %,9.0
224,Delhi,North Delhi,66.67 %,0.0 %,0.0 %,0.0 %,33.33 %,0.0 %,6.0
225,Delhi,North East,100.0 %,0.0 %,0.0 %,0.0 %,0.0 %,0.0 %,3.0
226,Delhi,North East   *,0.0 %,100.0 %,0.0 %,0.0 %,0.0 %,0.0 %,1.0
227,Delhi,North East Delhi,100.0 %,0.0 %,0.0 %,0.0 %,0.0 %,0.0 %,5.0
228,Delhi,North West Delhi,100.0 %,0.0 %,0.0 %,0.0 %,0.0 %,0.0 %,18.0
229,Delhi,Shahdara,80.0 %,0.0 %,0.0 %,0.0 %,0.0 %,20.0 %,5.0
230,Delhi,South Delhi,95.24 %,0.0 %,0.0 %,0.0 %,4.76 %,0.0 %,21.0
231,Delhi,South East Delhi,100.0 %,0.0 %,0.0 %,0.0 %,0.0 %,0.0 %,1.0
232,Delhi,South West Delhi,92.59 %,3.7 %,0.0 %,0.0 %,0.0 %,3.7 %,27.0
233,Delhi,West Delhi,100.0 %,0.0 %,0.0 %,0.0 %,0.0 %,0.0 %,11.0
234,Goa,Bardez,0.0 %,33.33 %,0.0 %,0.0 %,0.0 %,66.67 %,9.0
235,Goa,Bicholim,0.0 %,100.0 %,0.0 %,0.0 %,0.0 %,0.0 %,1.0
236,Goa,North Goa,70.91 %,1.82 %,0.0 %,0.0 %,0.0 %,27.27 %,55.0
237,Goa,South Goa,55.81 %,6.98 %,0.0 %,0.0 %,0.0 %,37.21 %,43.0
238,Goa,Tiswadi,0.0 %,100.0 %,0.0 %,0.0 %,0.0 %,0.0 %,3.0
239,Gujarat,Ahmadabad,48.68 %,23.68 %,1.32 %,3.95 %,11.84 %,10.53 %,76.0
240,Gujarat,Ahmedabad,87.78 %,0.0 %,0.0 %,0.0 %,1.11 %,11.11 %,90.0
241,Gujarat,Amreli,85.0 %,2.5 %,0.0 %,0.0 %,2.5 %,10.0 %,40.0
242,Gujarat,Anand,87.88 %,0.0 %,0.0 %,0.0 %,0.0 %,12.12 %,66.0
243,Gujarat,Arvalli,90.48 %,0.0 %,0.0 %,0.0 %,0.0 %,9.52 %,21.0
244,Gujarat,Banas Kantha,17.86 %,14.29 %,7.14 %,3.57 %,28.57 %,28.57 %,28.0
245,Gujarat,Banaskantha,96.43 %,0.0 %,0.0 %,0.0 %,0.0 %,3.57 %,28.0
246,Gujarat,Bharuch,71.74 %,4.35 %,0.0 %,0.0 %,0.0 %,23.91 %,46.0
247,Gujarat,Bhavnagar,93.33 %,0.0 %,0.0 %,0.0 %,0.0 %,6.67 %,45.0
248,Gujarat,Botad,72.22 %,0.0 %,0.0 %,5.56 %,5.56 %,16.67 %,18.0
249,Gujarat,Chhotaudepur,88.89 %,0.0 %,0.0 %,0.0 %,0.0 %,11.11 %,18.0
250,Gujarat,Dahod,88.24 %,0.0 %,0.0 %,0.0 %,0.0 %,11.76 %,17.0
251,Gujarat,Dang,0.0 %,0.0 %,0.0 %,0.0 %,100.0 %,0.0 %,2.0
252,Gujarat,Devbhumi Dwarka,71.43 %,0.0 %,0.0 %,4.76 %,0.0 %,23.81 %,21.0
253,Gujarat,Dohad,93.33 %,0.0 %,0.0 %,0.0 %,0.0 %,6.67 %,15.0
254,Gujarat,Gandhinagar,62.5 %,17.86 %,0.0 %,1.79 %,0.0 %,17.86 %,56.0
255,Gujarat,Gir Somnath,89.47 %,0.0 %,0.0 %,0.0 %,0.0 %,10.53 %,19.0
256,Gujarat,Jamnagar,79.25 %,0.0 %,0.0 %,0.0 %,0.0 %,20.75 %,53.0
257,Gujarat,Junagadh,87.5 %,0.0 %,0.0 %,0.0 %,0.0 %,12.5 %,56.0
258,Gujarat,Kachchh,91.07 %,0.0 %,0.0 %,0.0 %,0.0 %,8.93 %,56.0
259,Gujarat,Kheda,90.91 %,1.82 %,0.0 %,0.0 %,0.0 %,7.27 %,55.0
260,Gujarat,Mahesana,77.19 %,3.51 %,0.0 %,1.75 %,0.0 %,17.54 %,57.0
261,Gujarat,Mahisagar,88.89 %,5.56 %,0.0 %,0.0 %,0.0 %,5.56 %,18.0
262,Gujarat,Morbi,85.71 %,7.14 %,0.0 %,0.0 %,0.0 %,7.14 %,14.0
263,Gujarat,Narmada,52.38 %,23.81 %,0.0 %,0.0 %,0.0 %,23.81 %,21.0
264,Gujarat,Navsari,70.73 %,0.0 %,0.0 %,0.0 %,0.0 %,29.27 %,41.0
265,Gujarat,Panch Mahals,13.04 %,47.83 %,0.0 %,4.35 %,13.04 %,21.74 %,23.0
266,Gujarat,Panchmahals,93.1 %,0.0 %,0.0 %,0.0 %,0.0 %,6.9 %,29.0
267,Gujarat,Patan,100.0 %,0.0 %,0.0 %,0.0 %,0.0 %,0.0 %,23.0
268,Gujarat,Porbandar,87.5 %,0.0 %,0.0 %,0.0 %,0.0 %,12.5 %,16.0
269,Gujarat,Rajkot,81.36 %,3.39 %,1.69 %,0.0 %,1.69 %,11.86 %,59.0
270,Gujarat,Sabar Kantha,10.53 %,28.95 %,0.0 %,7.89 %,13.16 %,39.47 %,38.0
271,Gujarat,Sabarkantha,95.65 %,0.0 %,0.0 %,0.0 %,0.0 %,4.35 %,46.0
272,Gujarat,Surat,75.53 %,8.51 %,0.0 %,0.0 %,0.0 %,15.96 %,94.0
273,Gujarat,Surendra Nagar,86.84 %,2.63 %,0.0 %,5.26 %,0.0 %,5.26 %,38.0
274,Gujarat,Surendranagar,14.29 %,46.43 %,7.14 %,3.57 %,3.57 %,25.0 %,28.0
275,Gujarat,Tapi,76.0 %,0.0 %,0.0 %,0.0 %,0.0 %,24.0 %,25.0
276,Gujarat,The Dangs,100.0 %,0.0 %,0.0 %,0.0 %,0.0 %,0.0 %,5.0
277,Gujarat,Vadodara,92.68 %,2.44 %,0.0 %,0.0 %,0.0 %,4.88 %,82.0
278,Gujarat,Valsad,89.19 %,2.7 %,0.0 %,0.0 %,0.0 %,8.11 %,37.0
279,Haryana,Akhera,0.0 %,100.0 %,0.0 %,0.0 %,0.0 %,0.0 %,1.0
280,Haryana,Ambala,51.61 %,22.58 %,0.0 %,3.23 %,0.0 %,22.58 %,31.0
281,Haryana,Bhiwani,96.3 %,3.7 %,0.0 %,0.0 %,0.0 %,0.0 %,27.0
282,Haryana,Charkhi Dadri,57.14 %,7.14 %,0.0 %,0.0 %,0.0 %,35.71 %,14.0
283,Haryana,Faridabad,84.21 %,0.0 %,0.0 %,0.0 %,0.0 %,15.79 %,19.0
284,Haryana,Fatehabad,56.25 %,18.75 %,0.0 %,0.0 %,0.0 %,25.0 %,16.0
285,Haryana,Gurgaon,77.14 %,5.71 %,0.0 %,0.0 %,0.0 %,17.14 %,35.0
286,Haryana,Gurugram,0.0 %,0.0 %,0.0 %,0.0 %,100.0 %,0.0 %,4.0
287,Haryana,Hisar,66.67 %,8.33 %,0.0 %,0.0 %,0.0 %,25.0 %,24.0
288,Haryana,Jhajjar,77.27 %,0.0 %,0.0 %,4.55 %,0.0 %,18.18 %,22.0
289,Haryana,Jhajjar *,0.0 %,0.0 %,0.0 %,0.0 %,100.0 %,0.0 %,1.0
290,Haryana,Jind,100.0 %,0.0 %,0.0 %,0.0 %,0.0 %,0.0 %,11.0
291,Haryana,Kaithal,90.91 %,0.0 %,0.0 %,0.0 %,0.0 %,9.09 %,11.0
292,Haryana,Karnal,100.0 %,0.0 %,0.0 %,0.0 %,0.0 %,0.0 %,15.0
293,Haryana,Kurukshetra,69.23 %,0.0 %,0.0 %,0.0 %,0.0 %,30.77 %,13.0
294,Haryana,Mahendragarh,100.0 %,0.0 %,0.0 %,0.0 %,0.0 %,0.0 %,8.0
295,Haryana,Mewat,75.0 %,12.5 %,0.0 %,0.0 %,0.0 %,12.5 %,8.0
296,Haryana,Nuh,0.0 %,0.0 %,0.0 %,0.0 %,100.0 %,0.0 %,2.0
297,Haryana,Palwal,100.0 %,0.0 %,0.0 %,0.0 %,0.0 %,0.0 %,6.0
298,Haryana,Panchkula,62.5 %,12.5 %,0.0 %,0.0 %,0.0 %,25.0 %,24.0
299,Haryana,Panipat,92.31 %,0.0 %,0.0 %,0.0 %,0.0 %,7.69 %,13.0
300,Haryana,Rewari,80.0 %,15.0 %,0.0 %,5.0 %,0.0 %,0.0 %,20.0
301,Haryana,Rohtak,94.12 %,0.0 %,0.0 %,0.0 %,0.0 %,5.88 %,17.0
302,Haryana,Sirsa,73.68 %,15.79 %,0.0 %,0.0 %,0.0 %,10.53 %,19.0
303,Haryana,Sonipat,95.24 %,0.0 %,0.0 %,0.0 %,0.0 %,4.76 %,21.0
304,Haryana,Yamuna Nagar,75.0 %,0.0 %,0.0 %,0.0 %,0.0 %,25.0 %,16.0
305,Haryana,Yamunanagar,18.18 %,18.18 %,0.0 %,27.27 %,0.0 %,36.36 %,11.0
306,Himachal Pradesh,Bilaspur,40.74 %,0.0 %,0.0 %,0.0 %,0.0 %,59.26 %,27.0
307,Himachal Pradesh,Chamba,69.23 %,3.85 %,0.0 %,0.0 %,0.0 %,26.92 %,26.0
308,Himachal Pradesh,Hamirpur,28.57 %,0.0 %,0.0 %,0.0 %,0.0 %,71.43 %,49.0
309,Himachal Pradesh,Kangra,39.42 %,1.92 %,0.0 %,0.0 %,0.0 %,58.65 %,104.0
310,Himachal Pradesh,Kinnaur,53.33 %,0.0 %,0.0 %,0.0 %,0.0 %,46.67 %,15.0
311,Himachal Pradesh,Kullu,59.26 %,0.0 %,0.0 %,0.0 %,0.0 %,40.74 %,27.0
312,Himachal Pradesh,Lahaul and Spiti,0.0 %,0.0 %,0.0 %,22.22 %,0.0 %,77.78 %,9.0
313,Himachal Pradesh,Lahul & Spiti,10.0 %,10.0 %,0.0 %,0.0 %,10.0 %,70.0 %,10.0
314,Himachal Pradesh,Lahul and Spiti,10.0 %,0.0 %,0.0 %,0.0 %,0.0 %,90.0 %,10.0
315,Himachal Pradesh,Mandi,33.82 %,2.94 %,0.0 %,0.0 %,0.0 %,63.24 %,68.0
316,Himachal Pradesh,Shimla,71.19 %,0.0 %,0.0 %,0.0 %,0.0 %,28.81 %,59.0
317,Himachal Pradesh,Sirmaur,77.78 %,0.0 %,0.0 %,0.0 %,0.0 %,22.22 %,18.0
318,Himachal Pradesh,Solan,63.33 %,0.0 %,0.0 %,0.0 %,0.0 %,36.67 %,30.0
319,Himachal Pradesh,Una,32.43 %,0.0 %,0.0 %,0.0 %,0.0 %,67.57 %,37.0
320,Jaipur,Near meera hospital,0.0 %,100.0 %,0.0 %,0.0 %,0.0 %,0.0 %,1.0
321,Jammu & Kashmir,Anantnag,0.0 %,55.56 %,0.0 %,0.0 %,11.11 %,33.33 %,9.0
322,Jammu & Kashmir,Badgam,0.0 %,57.14 %,0.0 %,0.0 %,0.0 %,42.86 %,7.0
323,Jammu & Kashmir,Bandipur,0.0 %,100.0 %,0.0 %,0.0 %,0.0 %,0.0 %,2.0
324,Jammu & Kashmir,Baramula,9.09 %,45.45 %,0.0 %,9.09 %,0.0 %,36.36 %,11.0
325,Jammu & Kashmir,Doda,0.0 %,66.67 %,0.0 %,0.0 %,0.0 %,33.33 %,6.0
326,Jammu & Kashmir,Jammu,2.56 %,41.03 %,0.0 %,0.0 %,7.69 %,48.72 %,39.0
327,Jammu & Kashmir,Kargil,0.0 %,75.0 %,0.0 %,0.0 %,25.0 %,0.0 %,4.0
328,Jammu & Kashmir,Kathua,0.0 %,33.33 %,0.0 %,11.11 %,0.0 %,55.56 %,9.0
329,Jammu & Kashmir,Kupwara,0.0 %,80.0 %,0.0 %,0.0 %,20.0 %,0.0 %,5.0
330,Jammu & Kashmir,Leh (ladakh),0.0 %,0.0 %,0.0 %,20.0 %,0.0 %,80.0 %,5.0
331,Jammu & Kashmir,Pulwama,0.0 %,75.0 %,0.0 %,0.0 %,0.0 %,25.0 %,4.0
332,Jammu & Kashmir,Punch,0.0 %,75.0 %,0.0 %,0.0 %,0.0 %,25.0 %,4.0
333,Jammu & Kashmir,Rajauri,0.0 %,75.0 %,0.0 %,0.0 %,8.33 %,16.67 %,12.0
334,Jammu & Kashmir,Srinagar,0.0 %,80.0 %,0.0 %,0.0 %,10.0 %,10.0 %,10.0
335,Jammu & Kashmir,Udhampur,0.0 %,100.0 %,0.0 %,0.0 %,0.0 %,0.0 %,6.0
336,Jammu And Kashmir,Doda,0.0 %,0.0 %,0.0 %,0.0 %,100.0 %,0.0 %,1.0
337,Jammu And Kashmir,Shopian,0.0 %,0.0 %,0.0 %,0.0 %,100.0 %,0.0 %,1.0
338,Jammu and Kashmir,?,0.0 %,100.0 %,0.0 %,0.0 %,0.0 %,0.0 %,1.0
339,Jammu and Kashmir,Anantnag,87.5 %,0.0 %,0.0 %,0.0 %,0.0 %,12.5 %,16.0
340,Jammu and Kashmir,Badgam,46.67 %,20.0 %,0.0 %,0.0 %,0.0 %,33.33 %,15.0
341,Jammu and Kashmir,Bandipore,100.0 %,0.0 %,0.0 %,0.0 %,0.0 %,0.0 %,5.0
342,Jammu and Kashmir,Bandipur,0.0 %,100.0 %,0.0 %,0.0 %,0.0 %,0.0 %,1.0
343,Jammu and Kashmir,Baramula,75.0 %,10.0 %,0.0 %,0.0 %,0.0 %,15.0 %,20.0
344,Jammu and Kashmir,Budgam,70.0 %,0.0 %,0.0 %,0.0 %,0.0 %,30.0 %,10.0
345,Jammu and Kashmir,Doda,81.25 %,12.5 %,0.0 %,0.0 %,6.25 %,0.0 %,16.0
346,Jammu and Kashmir,Ganderbal,100.0 %,0.0 %,0.0 %,0.0 %,0.0 %,0.0 %,5.0
347,Jammu and Kashmir,Jammu,97.67 %,0.0 %,0.0 %,0.0 %,0.0 %,2.33 %,43.0
348,Jammu and Kashmir,Kargil,100.0 %,0.0 %,0.0 %,0.0 %,0.0 %,0.0 %,7.0
349,Jammu and Kashmir,Kathua,76.19 %,0.0 %,0.0 %,0.0 %,0.0 %,23.81 %,21.0
350,Jammu and Kashmir,Kishtwar,60.0 %,0.0 %,0.0 %,0.0 %,0.0 %,40.0 %,5.0
351,Jammu and Kashmir,Kulgam,80.0 %,0.0 %,0.0 %,0.0 %,0.0 %,20.0 %,5.0
352,Jammu and Kashmir,Kupwara,100.0 %,0.0 %,0.0 %,0.0 %,0.0 %,0.0 %,7.0
353,Jammu and Kashmir,Leh,40.0 %,0.0 %,0.0 %,0.0 %,0.0 %,60.0 %,10.0
354,Jammu and Kashmir,Poonch,0.0 %,50.0 %,0.0 %,0.0 %,0.0 %,50.0 %,2.0
355,Jammu and Kashmir,Pulwama,91.67 %,0.0 %,0.0 %,0.0 %,0.0 %,8.33 %,12.0
356,Jammu and Kashmir,Punch,57.14 %,0.0 %,0.0 %,0.0 %,0.0 %,42.86 %,7.0
357,Jammu and Kashmir,Rajouri,92.86 %,0.0 %,0.0 %,0.0 %,0.0 %,7.14 %,14.0
358,Jammu and Kashmir,Ramban,100.0 %,0.0 %,0.0 %,0.0 %,0.0 %,0.0 %,5.0
359,Jammu and Kashmir,Reasi,72.73 %,9.09 %,0.0 %,0.0 %,0.0 %,18.18 %,11.0
360,Jammu and Kashmir,Samba,53.85 %,0.0 %,0.0 %,0.0 %,7.69 %,38.46 %,13.0
361,Jammu and Kashmir,Shupiyan,50.0 %,50.0 %,0.0 %,0.0 %,0.0 %,0.0 %,2.0
362,Jammu and Kashmir,Srinagar,92.59 %,0.0 %,0.0 %,0.0 %,0.0 %,7.41 %,27.0
363,Jammu and Kashmir,Udhampur,72.73 %,9.09 %,0.0 %,0.0 %,0.0 %,18.18 %,22.0
364,Jammu and Kashmir,punch,0.0 %,100.0 %,0.0 %,0.0 %,0.0 %,0.0 %,1.0
365,Jammu and Kashmir,udhampur,0.0 %,100.0 %,0.0 %,0.0 %,0.0 %,0.0 %,1.0
366,Jharkhand,Bokaro,67.27 %,18.18 %,0.0 %,0.0 %,0.0 %,14.55 %,55.0
367,Jharkhand,Bokaro *,0.0 %,75.0 %,0.0 %,0.0 %,0.0 %,25.0 %,4.0
368,Jharkhand,Chatra,66.67 %,16.67 %,0.0 %,0.0 %,0.0 %,16.67 %,12.0
369,Jharkhand,Deoghar,35.56 %,24.44 %,0.0 %,2.22 %,4.44 %,33.33 %,45.0
370,Jharkhand,Dhanbad,86.21 %,8.62 %,0.0 %,0.0 %,0.0 %,5.17 %,58.0
371,Jharkhand,Dumka,60.0 %,28.57 %,0.0 %,0.0 %,5.71 %,5.71 %,35.0
372,Jharkhand,East Singhbhum,73.68 %,15.79 %,0.0 %,0.0 %,0.0 %,10.53 %,38.0
373,Jharkhand,East Singhbum,0.0 %,0.0 %,0.0 %,0.0 %,100.0 %,0.0 %,4.0
374,Jharkhand,Garhwa,68.75 %,18.75 %,0.0 %,0.0 %,0.0 %,12.5 %,16.0
375,Jharkhand,Garhwa *,27.27 %,63.64 %,0.0 %,0.0 %,0.0 %,9.09 %,11.0
376,Jharkhand,Giridih,86.36 %,9.09 %,0.0 %,0.0 %,0.0 %,4.55 %,22.0
377,Jharkhand,Godda,86.67 %,6.67 %,0.0 %,0.0 %,0.0 %,6.67 %,15.0
378,Jharkhand,Gumla,66.67 %,14.81 %,0.0 %,0.0 %,0.0 %,18.52 %,27.0
379,Jharkhand,Hazaribag,50.0 %,30.77 %,3.85 %,0.0 %,3.85 %,11.54 %,26.0
380,Jharkhand,Hazaribagh,74.29 %,20.0 %,0.0 %,0.0 %,5.71 %,0.0 %,35.0
381,Jharkhand,Jamtara,66.67 %,11.11 %,0.0 %,0.0 %,0.0 %,22.22 %,9.0
382,Jharkhand,Khunti,52.94 %,29.41 %,0.0 %,11.76 %,0.0 %,5.88 %,17.0
383,Jharkhand,Kodarma,44.44 %,33.33 %,0.0 %,0.0 %,0.0 %,22.22 %,9.0
384,Jharkhand,Koderma,88.89 %,0.0 %,0.0 %,0.0 %,0.0 %,11.11 %,9.0
385,Jharkhand,Latehar,83.33 %,8.33 %,0.0 %,0.0 %,0.0 %,8.33 %,12.0
386,Jharkhand,Lohardaga,64.29 %,21.43 %,0.0 %,0.0 %,0.0 %,14.29 %,14.0
387,Jharkhand,Pakaur,50.0 %,0.0 %,0.0 %,16.67 %,0.0 %,33.33 %,6.0
388,Jharkhand,Pakur,66.67 %,16.67 %,0.0 %,0.0 %,8.33 %,8.33 %,12.0
389,Jharkhand,Palamau,28.57 %,21.43 %,0.0 %,0.0 %,0.0 %,50.0 %,14.0
390,Jharkhand,Palamu,70.83 %,16.67 %,0.0 %,0.0 %,0.0 %,12.5 %,24.0
391,Jharkhand,Pashchimi Singhbhum,16.67 %,66.67 %,0.0 %,3.33 %,3.33 %,10.0 %,30.0
392,Jharkhand,Purbi Singhbhum,46.43 %,17.86 %,0.0 %,3.57 %,0.0 %,32.14 %,28.0
393,Jharkhand,Ramgarh,85.71 %,7.14 %,0.0 %,0.0 %,0.0 %,7.14 %,28.0
394,Jharkhand,Ranchi,75.56 %,15.56 %,2.22 %,0.0 %,0.0 %,6.67 %,45.0
395,Jharkhand,Sahebganj,92.31 %,0.0 %,0.0 %,7.69 %,0.0 %,0.0 %,13.0
396,Jharkhand,Sahibganj,30.0 %,30.0 %,0.0 %,0.0 %,10.0 %,30.0 %,10.0
397,Jharkhand,Seraikela-Kharsawan,73.68 %,15.79 %,0.0 %,0.0 %,0.0 %,10.53 %,19.0
398,Jharkhand,Seraikela-kharsawan,76.47 %,11.76 %,0.0 %,0.0 %,5.88 %,5.88 %,17.0
399,Jharkhand,Simdega,70.0 %,20.0 %,0.0 %,0.0 %,0.0 %,10.0 %,10.0
400,Jharkhand,West Singhbhum,59.38 %,18.75 %,0.0 %,0.0 %,0.0 %,21.88 %,32.0
401,Karnataka,Bagalkot,97.37 %,0.0 %,0.0 %,0.0 %,0.0 %,2.63 %,38.0
402,Karnataka,Bagalkot *,23.33 %,40.0 %,6.67 %,6.67 %,6.67 %,16.67 %,30.0
403,Karnataka,Ballari,80.85 %,0.0 %,0.0 %,0.0 %,0.0 %,19.15 %,47.0
404,Karnataka,Bangalore,83.76 %,2.56 %,0.0 %,1.71 %,0.0 %,11.97 %,117.0
405,Karnataka,Bangalore Rural,46.88 %,21.88 %,0.0 %,0.0 %,0.0 %,31.25 %,32.0
406,Karnataka,Belagavi,89.19 %,1.8 %,0.0 %,0.0 %,0.0 %,9.01 %,111.0
407,Karnataka,Belgaum,88.99 %,1.83 %,0.0 %,0.92 %,0.0 %,8.26 %,109.0
408,Karnataka,Bellary,83.67 %,4.08 %,0.0 %,0.0 %,0.0 %,12.24 %,49.0
409,Karnataka,Bengaluru,90.62 %,2.34 %,0.0 %,1.56 %,0.0 %,5.47 %,128.0
410,Karnataka,Bengaluru Rural,16.67 %,0.0 %,0.0 %,0.0 %,83.33 %,0.0 %,6.0
411,Karnataka,Bengaluru South,33.33 %,5.56 %,22.22 %,16.67 %,0.0 %,22.22 %,18.0
412,Karnataka,Bengaluru Urban,0.0 %,0.0 %,0.0 %,0.0 %,100.0 %,0.0 %,47.0
413,Karnataka,Bidar,100.0 %,0.0 %,0.0 %,0.0 %,0.0 %,0.0 %,25.0
414,Karnataka,Bijapur,97.78 %,0.0 %,0.0 %,0.0 %,0.0 %,2.22 %,45.0
415,Karnataka,Bijapur(KAR),0.0 %,75.0 %,0.0 %,0.0 %,0.0 %,25.0 %,12.0
416,Karnataka,Chamarajanagar,38.1 %,23.81 %,0.0 %,0.0 %,0.0 %,38.1 %,21.0
417,Karnataka,Chamarajanagar *,0.0 %,56.25 %,0.0 %,0.0 %,0.0 %,43.75 %,16.0
418,Karnataka,Chamrajanagar,79.17 %,4.17 %,0.0 %,0.0 %,0.0 %,16.67 %,24.0
419,Karnataka,Chamrajnagar,50.0 %,4.55 %,0.0 %,0.0 %,0.0 %,45.45 %,22.0
420,Karnataka,Chickmagalur,68.09 %,2.13 %,0.0 %,0.0 %,0.0 %,29.79 %,47.0
421,Karnataka,Chikkaballapur,68.97 %,20.69 %,0.0 %,0.0 %,3.45 %,6.9 %,29.0
422,Karnataka,Chikkamagaluru,63.83 %,2.13 %,0.0 %,0.0 %,0.0 %,34.04 %,47.0
423,Karnataka,Chikmagalur,13.51 %,54.05 %,0.0 %,2.7 %,0.0 %,29.73 %,37.0
424,Karnataka,Chitradurga,85.0 %,5.0 %,0.0 %,0.0 %,0.0 %,10.0 %,40.0
425,Karnataka,Dakshina Kannada,85.29 %,0.0 %,0.0 %,0.0 %,0.0 %,14.71 %,102.0
426,Karnataka,Davanagere,46.15 %,12.82 %,0.0 %,0.0 %,2.56 %,38.46 %,39.0
427,Karnataka,Davangere,86.96 %,2.17 %,0.0 %,2.17 %,0.0 %,8.7 %,46.0
428,Karnataka,Dharwad,87.5 %,2.5 %,0.0 %,0.0 %,0.0 %,10.0 %,40.0
429,Karnataka,Gadag,91.67 %,0.0 %,0.0 %,0.0 %,0.0 %,8.33 %,24.0
430,Karnataka,Gadag *,26.32 %,42.11 %,0.0 %,0.0 %,0.0 %,31.58 %,19.0
431,Karnataka,Gulbarga,73.21 %,10.71 %,0.0 %,1.79 %,1.79 %,12.5 %,56.0
432,Karnataka,Hasan,61.22 %,0.0 %,0.0 %,0.0 %,0.0 %,38.78 %,49.0
433,Karnataka,Hassan,79.59 %,0.0 %,0.0 %,0.0 %,0.0 %,20.41 %,49.0
434,Karnataka,Haveri,100.0 %,0.0 %,0.0 %,0.0 %,0.0 %,0.0 %,29.0
435,Karnataka,Haveri *,15.0 %,40.0 %,0.0 %,0.0 %,5.0 %,40.0 %,20.0
436,Karnataka,Kalaburagi,88.37 %,0.0 %,0.0 %,2.33 %,0.0 %,9.3 %,43.0
437,Karnataka,Kodagu,92.31 %,0.0 %,0.0 %,0.0 %,0.0 %,7.69 %,26.0
438,Karnataka,Kolar,69.23 %,20.51 %,0.0 %,2.56 %,2.56 %,5.13 %,39.0
439,Karnataka,Koppal,85.71 %,3.57 %,3.57 %,0.0 %,0.0 %,7.14 %,28.0
440,Karnataka,Mandya,83.72 %,0.0 %,0.0 %,0.0 %,0.0 %,16.28 %,43.0
441,Karnataka,Mysore,73.85 %,0.0 %,0.0 %,0.0 %,0.0 %,26.15 %,65.0
442,Karnataka,Mysuru,69.74 %,3.95 %,0.0 %,0.0 %,0.0 %,26.32 %,76.0
443,Karnataka,Raichur,100.0 %,0.0 %,0.0 %,0.0 %,0.0 %,0.0 %,30.0
444,Karnataka,Ramanagar,72.73 %,9.09 %,0.0 %,4.55 %,0.0 %,13.64 %,22.0
445,Karnataka,Ramanagara,0.0 %,0.0 %,0.0 %,0.0 %,100.0 %,0.0 %,1.0
446,Karnataka,Shimoga,67.86 %,1.79 %,0.0 %,1.79 %,0.0 %,28.57 %,56.0
447,Karnataka,Shivamogga,77.19 %,0.0 %,0.0 %,1.75 %,0.0 %,21.05 %,57.0
448,Karnataka,Tumakuru,80.33 %,0.0 %,0.0 %,0.0 %,0.0 %,19.67 %,61.0
449,Karnataka,Tumkur,83.33 %,0.0 %,0.0 %,0.0 %,0.0 %,16.67 %,60.0
450,Karnataka,Udupi,83.1 %,0.0 %,0.0 %,0.0 %,0.0 %,16.9 %,71.0
451,Karnataka,Udupi *,0.0 %,66.67 %,0.0 %,0.0 %,0.0 %,33.33 %,6.0
452,Karnataka,Uttara Kannada,71.05 %,0.0 %,0.0 %,0.0 %,0.0 %,28.95 %,76.0
453,Karnataka,Vijayanagara,54.55 %,13.64 %,0.0 %,2.27 %,0.0 %,29.55 %,44.0
454,Karnataka,Vijayapura,95.56 %,0.0 %,0.0 %,0.0 %,0.0 %,4.44 %,45.0
455,Karnataka,Yadgir,95.65 %,0.0 %,0.0 %,0.0 %,0.0 %,4.35 %,23.0
456,Karnataka,yadgir,70.0 %,5.0 %,0.0 %,5.0 %,0.0 %,20.0 %,20.0
457,Kerala,Alappuzha,94.87 %,0.85 %,0.0 %,0.0 %,0.0 %,4.27 %,117.0
458,Kerala,Ernakulam,92.09 %,1.44 %,0.0 %,0.72 %,0.0 %,5.76 %,139.0
459,Kerala,Idukki,87.72 %,0.0 %,0.0 %,0.0 %,0.0 %,12.28 %,57.0
460,Kerala,Kannur,96.04 %,0.0 %,0.0 %,0.0 %,0.0 %,3.96 %,101.0
461,Kerala,Kasaragod,100.0 %,0.0 %,0.0 %,0.0 %,0.0 %,0.0 %,31.0
462,Kerala,Kasargod,35.71 %,10.71 %,3.57 %,0.0 %,7.14 %,42.86 %,28.0
463,Kerala,Kollam,93.91 %,0.87 %,0.0 %,0.0 %,0.0 %,5.22 %,115.0
464,Kerala,Kottayam,90.4 %,1.6 %,0.0 %,0.0 %,0.8 %,7.2 %,125.0
465,Kerala,Kozhikode,97.83 %,0.0 %,0.0 %,0.0 %,0.0 %,2.17 %,92.0
466,Kerala,Malappuram,99.0 %,0.0 %,0.0 %,0.0 %,0.0 %,1.0 %,100.0
467,Kerala,Palakkad,94.2 %,0.0 %,0.0 %,0.0 %,0.0 %,5.8 %,138.0
468,Kerala,Pathanamthitta,90.18 %,0.0 %,0.0 %,0.0 %,0.0 %,9.82 %,112.0
469,Kerala,Thiruvananthapuram,92.37 %,0.0 %,0.0 %,0.0 %,0.0 %,7.63 %,131.0
470,Kerala,Thrissur,95.86 %,0.59 %,0.0 %,0.59 %,0.0 %,2.96 %,169.0
471,Kerala,Wayanad,95.0 %,0.0 %,0.0 %,0.0 %,0.0 %,5.0 %,20.0
472,Ladakh,Kargil,100.0 %,0.0 %,0.0 %,0.0 %,0.0 %,0.0 %,7.0
473,Ladakh,Leh,37.5 %,12.5 %,0.0 %,0.0 %,0.0 %,50.0 %,8.0
474,Lakshadweep,Lakshadweep,44.44 %,0.0 %,0.0 %,0.0 %,0.0 %,55.56 %,9.0
475,Madanapalle,Kadiri Road,0.0 %,100.0 %,0.0 %,0.0 %,0.0 %,0.0 %,1.0
476,Madhya Pradesh,Agar Malwa,100.0 %,0.0 %,0.0 %,0.0 %,0.0 %,0.0 %,6.0
477,Madhya Pradesh,Alirajpur,66.67 %,0.0 %,0.0 %,0.0 %,0.0 %,33.33 %,12.0
478,Madhya Pradesh,Anuppur,50.0 %,21.43 %,0.0 %,7.14 %,3.57 %,17.86 %,28.0
479,Madhya Pradesh,Ashok Nagar,66.67 %,8.33 %,0.0 %,0.0 %,0.0 %,25.0 %,12.0
480,Madhya Pradesh,Ashoknagar,0.0 %,0.0 %,0.0 %,0.0 %,100.0 %,0.0 %,3.0
481,Madhya Pradesh,Balaghat,71.43 %,10.71 %,0.0 %,3.57 %,0.0 %,14.29 %,28.0
482,Madhya Pradesh,Barwani,83.33 %,0.0 %,0.0 %,0.0 %,0.0 %,16.67 %,12.0
483,Madhya Pradesh,Betul,91.3 %,0.0 %,0.0 %,0.0 %,0.0 %,8.7 %,23.0
484,Madhya Pradesh,Bhind,90.91 %,4.55 %,0.0 %,0.0 %,0.0 %,4.55 %,22.0
485,Madhya Pradesh,Bhopal,73.81 %,2.38 %,0.0 %,0.0 %,0.0 %,23.81 %,42.0
486,Madhya Pradesh,Burhanpur,55.56 %,11.11 %,0.0 %,0.0 %,0.0 %,33.33 %,9.0
487,Madhya Pradesh,Chhatarpur,76.92 %,15.38 %,0.0 %,0.0 %,0.0 %,7.69 %,26.0
488,Madhya Pradesh,Chhindwara,96.3 %,0.0 %,0.0 %,3.7 %,0.0 %,0.0 %,27.0
489,Madhya Pradesh,Damoh,66.67 %,16.67 %,0.0 %,0.0 %,0.0 %,16.67 %,18.0
490,Madhya Pradesh,Datia,90.0 %,0.0 %,0.0 %,0.0 %,0.0 %,10.0 %,10.0
491,Madhya Pradesh,Dewas,80.0 %,0.0 %,0.0 %,0.0 %,5.0 %,15.0 %,20.0
492,Madhya Pradesh,Dhar,73.08 %,3.85 %,0.0 %,0.0 %,0.0 %,23.08 %,26.0
493,Madhya Pradesh,Dindori,44.44 %,22.22 %,0.0 %,0.0 %,0.0 %,33.33 %,18.0
494,Madhya Pradesh,East Nimar,90.48 %,4.76 %,0.0 %,0.0 %,0.0 %,4.76 %,21.0
495,Madhya Pradesh,Guna,72.73 %,13.64 %,0.0 %,0.0 %,0.0 %,13.64 %,22.0
496,Madhya Pradesh,Gwalior,95.24 %,0.0 %,0.0 %,0.0 %,0.0 %,4.76 %,21.0
497,Madhya Pradesh,Harda,75.0 %,25.0 %,0.0 %,0.0 %,0.0 %,0.0 %,4.0
498,Madhya Pradesh,Harda *,71.43 %,14.29 %,0.0 %,0.0 %,0.0 %,14.29 %,7.0
499,Madhya Pradesh,Hoshangabad,59.09 %,4.55 %,0.0 %,0.0 %,0.0 %,36.36 %,22.0
500,Madhya Pradesh,Indore,90.91 %,3.03 %,0.0 %,0.0 %,0.0 %,6.06 %,33.0
501,Madhya Pradesh,Jabalpur,80.65 %,6.45 %,0.0 %,0.0 %,0.0 %,12.9 %,31.0
502,Madhya Pradesh,Jhabua,52.63 %,21.05 %,0.0 %,0.0 %,0.0 %,26.32 %,19.0
503,Madhya Pradesh,Katni,82.35 %,11.76 %,0.0 %,0.0 %,0.0 %,5.88 %,17.0
504,Madhya Pradesh,Khandwa,80.0 %,10.0 %,0.0 %,0.0 %,0.0 %,10.0 %,20.0
505,Madhya Pradesh,Khargone,73.08 %,7.69 %,0.0 %,0.0 %,0.0 %,19.23 %,26.0
506,Madhya Pradesh,Maihar,75.0 %,0.0 %,0.0 %,12.5 %,0.0 %,12.5 %,8.0
507,Madhya Pradesh,Mandla,65.22 %,13.04 %,0.0 %,0.0 %,0.0 %,21.74 %,23.0
508,Madhya Pradesh,Mandsaur,86.36 %,4.55 %,0.0 %,4.55 %,0.0 %,4.55 %,22.0
509,Madhya Pradesh,Mauganj,66.67 %,0.0 %,11.11 %,11.11 %,0.0 %,11.11 %,9.0
510,Madhya Pradesh,Morena,80.0 %,0.0 %,0.0 %,0.0 %,0.0 %,20.0 %,15.0
511,Madhya Pradesh,Narmadapuram,66.67 %,5.56 %,0.0 %,5.56 %,0.0 %,22.22 %,18.0
512,Madhya Pradesh,Narsimhapur,93.75 %,0.0 %,0.0 %,0.0 %,0.0 %,6.25 %,16.0
513,Madhya Pradesh,Narsinghpur,94.12 %,5.88 %,0.0 %,0.0 %,0.0 %,0.0 %,17.0
514,Madhya Pradesh,Neemuch,100.0 %,0.0 %,0.0 %,0.0 %,0.0 %,0.0 %,15.0
515,Madhya Pradesh,Niwari,55.56 %,11.11 %,0.0 %,0.0 %,0.0 %,33.33 %,9.0
516,Madhya Pradesh,Pandhurna,22.22 %,11.11 %,0.0 %,0.0 %,0.0 %,66.67 %,9.0
517,Madhya Pradesh,Panna,68.75 %,18.75 %,6.25 %,0.0 %,0.0 %,6.25 %,16.0
518,Madhya Pradesh,Raisen,73.91 %,8.7 %,0.0 %,0.0 %,0.0 %,17.39 %,23.0
519,Madhya Pradesh,Rajgarh,82.35 %,0.0 %,0.0 %,0.0 %,5.88 %,11.76 %,17.0
520,Madhya Pradesh,Ratlam,68.42 %,15.79 %,0.0 %,0.0 %,0.0 %,15.79 %,19.0
521,Madhya Pradesh,Rewa,85.29 %,2.94 %,0.0 %,0.0 %,0.0 %,11.76 %,34.0
522,Madhya Pradesh,Sagar,83.33 %,10.0 %,0.0 %,0.0 %,0.0 %,6.67 %,30.0
523,Madhya Pradesh,Satna,96.15 %,0.0 %,0.0 %,0.0 %,0.0 %,3.85 %,26.0
524,Madhya Pradesh,Sehore,90.0 %,5.0 %,0.0 %,5.0 %,0.0 %,0.0 %,20.0
525,Madhya Pradesh,Seoni,88.89 %,5.56 %,0.0 %,0.0 %,0.0 %,5.56 %,18.0
526,Madhya Pradesh,Shahdol,51.72 %,17.24 %,0.0 %,3.45 %,0.0 %,27.59 %,29.0
527,Madhya Pradesh,Shajapur,71.43 %,3.57 %,0.0 %,7.14 %,0.0 %,17.86 %,28.0
528,Madhya Pradesh,Sheopur,83.33 %,16.67 %,0.0 %,0.0 %,0.0 %,0.0 %,6.0
529,Madhya Pradesh,Shivpuri,76.0 %,8.0 %,0.0 %,8.0 %,0.0 %,8.0 %,25.0
530,Madhya Pradesh,Sidhi,50.0 %,11.11 %,0.0 %,0.0 %,0.0 %,38.89 %,18.0
531,Madhya Pradesh,Singrauli,68.75 %,18.75 %,0.0 %,0.0 %,0.0 %,12.5 %,16.0
532,Madhya Pradesh,Tikamgarh,90.0 %,10.0 %,0.0 %,0.0 %,0.0 %,0.0 %,20.0
533,Madhya Pradesh,Ujjain,88.0 %,0.0 %,0.0 %,0.0 %,0.0 %,12.0 %,25.0
534,Madhya Pradesh,Umaria,57.14 %,14.29 %,0.0 %,0.0 %,0.0 %,28.57 %,14.0
535,Madhya Pradesh,Vidisha,80.0 %,13.33 %,0.0 %,0.0 %,0.0 %,6.67 %,15.0
536,Madhya Pradesh,West Nimar,69.57 %,4.35 %,0.0 %,0.0 %,4.35 %,21.74 %,23.0
537,Maharashtra,Ahilyanagar,0.0 %,47.13 %,1.15 %,50.57 %,0.0 %,1.15 %,87.0
538,Maharashtra,Ahmadnagar,94.68 %,0.0 %,0.0 %,0.0 %,0.0 %,5.32 %,94.0
539,Maharashtra,Ahmed Nagar,22.67 %,34.67 %,0.0 %,2.67 %,0.0 %,40.0 %,75.0
540,Maharashtra,Ahmednagar,0.0 %,0.0 %,0.0 %,0.0 %,100.0 %,0.0 %,2.0
541,Maharashtra,Akola,76.47 %,2.94 %,0.0 %,0.0 %,0.0 %,20.59 %,34.0
542,Maharashtra,Amravati,90.7 %,2.33 %,0.0 %,0.0 %,0.0 %,6.98 %,43.0
543,Maharashtra,Aurangabad,76.47 %,9.8 %,0.0 %,0.0 %,0.0 %,13.73 %,51.0
544,Maharashtra,Beed,96.43 %,3.57 %,0.0 %,0.0 %,0.0 %,0.0 %,28.0
545,Maharashtra,Bhandara,72.73 %,0.0 %,0.0 %,0.0 %,0.0 %,27.27 %,22.0
546,Maharashtra,Bid,48.15 %,22.22 %,0.0 %,3.7 %,0.0 %,25.93 %,27.0
547,Maharashtra,Buldana,68.75 %,12.5 %,0.0 %,0.0 %,0.0 %,18.75 %,32.0
548,Maharashtra,Buldhana,96.88 %,0.0 %,0.0 %,0.0 %,0.0 %,3.12 %,32.0
549,Maharashtra,Chandrapur,88.57 %,0.0 %,0.0 %,0.0 %,0.0 %,11.43 %,35.0
550,Maharashtra,Chatrapati Sambhaji Nagar,25.0 %,50.0 %,0.0 %,0.0 %,0.0 %,25.0 %,4.0
551,Maharashtra,Chhatrapati Sambhajinagar,62.22 %,8.89 %,8.89 %,6.67 %,0.0 %,13.33 %,45.0
552,Maharashtra,Dharashiv,46.15 %,3.85 %,7.69 %,23.08 %,0.0 %,19.23 %,26.0
553,Maharashtra,Dhule,84.38 %,9.38 %,0.0 %,0.0 %,0.0 %,6.25 %,32.0
554,Maharashtra,Dist : Thane,0.0 %,100.0 %,0.0 %,0.0 %,0.0 %,0.0 %,1.0
555,Maharashtra,Gadchiroli,93.75 %,6.25 %,0.0 %,0.0 %,0.0 %,0.0 %,16.0
556,Maharashtra,Gondia,20.0 %,30.0 %,0.0 %,0.0 %,0.0 %,50.0 %,10.0
557,Maharashtra,Gondiya,78.57 %,0.0 %,0.0 %,0.0 %,0.0 %,21.43 %,14.0
558,Maharashtra,Gondiya *,33.33 %,33.33 %,0.0 %,8.33 %,0.0 %,25.0 %,12.0
559,Maharashtra,Hingoli,73.33 %,6.67 %,0.0 %,0.0 %,6.67 %,13.33 %,15.0
560,Maharashtra,Hingoli *,0.0 %,100.0 %,0.0 %,0.0 %,0.0 %,0.0 %,5.0
561,Maharashtra,Jalgaon,90.91 %,3.03 %,0.0 %,0.0 %,1.52 %,4.55 %,66.0
562,Maharashtra,Jalna,73.33 %,10.0 %,0.0 %,0.0 %,0.0 %,16.67 %,30.0
563,Maharashtra,Kolhapur,89.87 %,0.0 %,0.0 %,0.0 %,0.0 %,10.13 %,79.0
564,Maharashtra,Latur,88.89 %,0.0 %,0.0 %,0.0 %,0.0 %,11.11 %,27.0
565,Maharashtra,Mumbai,59.72 %,21.53 %,0.0 %,1.39 %,2.78 %,14.58 %,144.0
566,Maharashtra,Mumbai City,86.84 %,7.89 %,0.0 %,0.0 %,0.0 %,5.26 %,38.0
567,Maharashtra,Mumbai Suburban,94.74 %,3.51 %,0.0 %,0.0 %,0.0 %,1.75 %,57.0
568,Maharashtra,Mumbai( Sub Urban ),28.57 %,19.64 %,1.79 %,3.57 %,8.93 %,37.5 %,56.0
569,Maharashtra,Nagpur,90.0 %,2.86 %,0.0 %,1.43 %,0.0 %,5.71 %,70.0
570,Maharashtra,Nanded,95.45 %,0.0 %,0.0 %,0.0 %,0.0 %,4.55 %,44.0
571,Maharashtra,Nandurbar,100.0 %,0.0 %,0.0 %,0.0 %,0.0 %,0.0 %,20.0
572,Maharashtra,Nandurbar *,0.0 %,47.06 %,0.0 %,0.0 %,11.76 %,41.18 %,17.0
573,Maharashtra,Nashik,96.1 %,0.0 %,0.0 %,0.0 %,0.0 %,3.9 %,77.0
574,Maharashtra,Osmanabad,89.66 %,0.0 %,0.0 %,0.0 %,0.0 %,10.34 %,29.0
575,Maharashtra,Palghar,94.87 %,0.0 %,0.0 %,0.0 %,0.0 %,5.13 %,39.0
576,Maharashtra,Parbhani,90.0 %,0.0 %,0.0 %,0.0 %,0.0 %,10.0 %,20.0
577,Maharashtra,Pune,93.42 %,1.97 %,0.0 %,1.32 %,0.0 %,3.29 %,152.0
578,Maharashtra,Raigad,51.56 %,4.69 %,0.0 %,0.0 %,0.0 %,43.75 %,64.0
579,Maharashtra,Raigarh,89.06 %,0.0 %,0.0 %,0.0 %,0.0 %,10.94 %,64.0
580,Maharashtra,Raigarh(MH),2.94 %,67.65 %,0.0 %,5.88 %,5.88 %,17.65 %,34.0
581,Maharashtra,Ratnagiri,71.62 %,0.0 %,0.0 %,0.0 %,0.0 %,28.38 %,74.0
582,Maharashtra,Sangli,91.3 %,4.35 %,0.0 %,0.0 %,0.0 %,4.35 %,69.0
583,Maharashtra,Satara,88.75 %,0.0 %,0.0 %,0.0 %,0.0 %,11.25 %,80.0
584,Maharashtra,Sindhudurg,40.74 %,0.0 %,0.0 %,0.0 %,0.0 %,59.26 %,54.0
585,Maharashtra,Solapur,97.18 %,0.0 %,0.0 %,0.0 %,0.0 %,2.82 %,71.0
586,Maharashtra,Thane,88.54 %,2.08 %,0.0 %,0.0 %,1.04 %,8.33 %,96.0
587,Maharashtra,Wardha,80.95 %,0.0 %,0.0 %,0.0 %,0.0 %,19.05 %,21.0
588,Maharashtra,Washim,82.35 %,11.76 %,0.0 %,0.0 %,0.0 %,5.88 %,17.0
589,Maharashtra,Washim *,9.09 %,27.27 %,0.0 %,0.0 %,0.0 %,63.64 %,11.0
590,Maharashtra,Yavatmal,97.06 %,0.0 %,0.0 %,0.0 %,0.0 %,2.94 %,34.0
591,Manipur,Bishnupur,42.86 %,14.29 %,0.0 %,0.0 %,14.29 %,28.57 %,7.0
592,Manipur,Chandel,60.0 %,10.0 %,0.0 %,10.0 %,0.0 %,20.0 %,10.0
593,Manipur,Churachandpur,76.92 %,15.38 %,0.0 %,0.0 %,0.0 %,7.69 %,13.0
594,Manipur,Imphal East,73.33 %,6.67 %,0.0 %,0.0 %,0.0 %,20.0 %,15.0
595,Manipur,Imphal West,86.67 %,6.67 %,0.0 %,0.0 %,0.0 %,6.67 %,15.0
596,Manipur,Jiribam,100.0 %,0.0 %,0.0 %,0.0 %,0.0 %,0.0 %,2.0
597,Manipur,Kakching,75.0 %,25.0 %,0.0 %,0.0 %,0.0 %,0.0 %,4.0
598,Manipur,Kangpokpi,0.0 %,33.33 %,0.0 %,66.67 %,0.0 %,0.0 %,3.0
599,Manipur,Pherzawl,33.33 %,0.0 %,0.0 %,0.0 %,33.33 %,33.33 %,3.0
600,Manipur,Senapati,77.42 %,12.9 %,0.0 %,3.23 %,0.0 %,6.45 %,31.0
601,Manipur,Tamenglong,87.5 %,0.0 %,0.0 %,0.0 %,12.5 %,0.0 %,8.0
602,Manipur,Thoubal,88.89 %,11.11 %,0.0 %,0.0 %,0.0 %,0.0 %,9.0
603,Manipur,Ukhrul,83.33 %,0.0 %,0.0 %,0.0 %,0.0 %,16.67 %,6.0
604,Meghalaya,East Garo Hills,40.0 %,20.0 %,0.0 %,0.0 %,10.0 %,30.0 %,10.0
605,Meghalaya,East Jaintia Hills,40.0 %,20.0 %,0.0 %,0.0 %,0.0 %,40.0 %,5.0
606,Meghalaya,East Khasi Hills,90.91 %,6.06 %,0.0 %,3.03 %,0.0 %,0.0 %,33.0
607,Meghalaya,Eastern West Khasi Hills,50.0 %,0.0 %,0.0 %,0.0 %,50.0 %,0.0 %,2.0
608,Meghalaya,Jaintia Hills,0.0 %,75.0 %,0.0 %,0.0 %,0.0 %,25.0 %,4.0
609,Meghalaya,Kamrup,0.0 %,0.0 %,0.0 %,0.0 %,100.0 %,0.0 %,1.0
610,Meghalaya,North Garo Hills,55.56 %,33.33 %,0.0 %,0.0 %,0.0 %,11.11 %,9.0
611,Meghalaya,Ri Bhoi,61.54 %,15.38 %,0.0 %,7.69 %,0.0 %,15.38 %,13.0
612,Meghalaya,South Garo Hills,100.0 %,0.0 %,0.0 %,0.0 %,0.0 %,0.0 %,5.0
613,Meghalaya,South West Garo Hills,50.0 %,33.33 %,0.0 %,0.0 %,0.0 %,16.67 %,6.0
614,Meghalaya,South West Khasi Hills,60.0 %,20.0 %,0.0 %,0.0 %,0.0 %,20.0 %,5.0
615,Meghalaya,West Garo Hills,81.82 %,0.0 %,0.0 %,0.0 %,0.0 %,18.18 %,11.0
616,Meghalaya,West Jaintia Hills,100.0 %,0.0 %,0.0 %,0.0 %,0.0 %,0.0 %,4.0
617,Meghalaya,West Khasi Hills,25.0 %,25.0 %,0.0 %,0.0 %,25.0 %,25.0 %,8.0
618,Mizoram,Aizawl,75.0 %,0.0 %,0.0 %,0.0 %,0.0 %,25.0 %,20.0
619,Mizoram,Champhai,66.67 %,0.0 %,0.0 %,0.0 %,0.0 %,33.33 %,6.0
620,Mizoram,Hnahthial,0.0 %,66.67 %,0.0 %,0.0 %,0.0 %,33.33 %,3.0
621,Mizoram,Khawzawl,50.0 %,0.0 %,50.0 %,0.0 %,0.0 %,0.0 %,2.0
622,Mizoram,Kolasib,60.0 %,20.0 %,0.0 %,0.0 %,0.0 %,20.0 %,10.0
623,Mizoram,Lawngtlai,100.0 %,0.0 %,0.0 %,0.0 %,0.0 %,0.0 %,5.0
624,Mizoram,Lunglei,60.0 %,0.0 %,0.0 %,0.0 %,0.0 %,40.0 %,10.0
625,Mizoram,Mamit,85.71 %,0.0 %,0.0 %,0.0 %,0.0 %,14.29 %,7.0
626,Mizoram,Mammit,22.22 %,11.11 %,0.0 %,0.0 %,0.0 %,66.67 %,9.0
627,Mizoram,Saiha,66.67 %,0.0 %,0.0 %,0.0 %,0.0 %,33.33 %,3.0
628,Mizoram,Saitual,25.0 %,50.0 %,0.0 %,25.0 %,0.0 %,0.0 %,4.0
629,Mizoram,Serchhip,80.0 %,0.0 %,0.0 %,0.0 %,0.0 %,20.0 %,5.0
630,Nagaland,Chumukedima,80.0 %,0.0 %,0.0 %,0.0 %,0.0 %,20.0 %,5.0
631,Nagaland,Dimapur,77.78 %,11.11 %,0.0 %,0.0 %,0.0 %,11.11 %,9.0
632,Nagaland,Kiphire,33.33 %,0.0 %,0.0 %,33.33 %,0.0 %,33.33 %,3.0
633,Nagaland,Kohima,90.0 %,10.0 %,0.0 %,0.0 %,0.0 %,0.0 %,10.0
634,Nagaland,Longleng,100.0 %,0.0 %,0.0 %,0.0 %,0.0 %,0.0 %,3.0
635,Nagaland,Meluri,100.0 %,0.0 %,0.0 %,0.0 %,0.0 %,0.0 %,1.0
636,Nagaland,Mokokchung,75.0 %,0.0 %,0.0 %,0.0 %,0.0 %,25.0 %,8.0
637,Nagaland,Mon,100.0 %,0.0 %,0.0 %,0.0 %,0.0 %,0.0 %,4.0
638,Nagaland,Niuland,66.67 %,0.0 %,0.0 %,0.0 %,0.0 %,33.33 %,3.0
639,Nagaland,Noklak,100.0 %,0.0 %,0.0 %,0.0 %,0.0 %,0.0 %,1.0
640,Nagaland,Peren,33.33 %,0.0 %,0.0 %,16.67 %,0.0 %,50.0 %,6.0
641,Nagaland,Phek,100.0 %,0.0 %,0.0 %,0.0 %,0.0 %,0.0 %,5.0
642,Nagaland,Shamator,100.0 %,0.0 %,0.0 %,0.0 %,0.0 %,0.0 %,1.0
643,Nagaland,Tseminyu,50.0 %,0.0 %,0.0 %,0.0 %,0.0 %,50.0 %,2.0
644,Nagaland,Tuensang,71.43 %,14.29 %,0.0 %,0.0 %,0.0 %,14.29 %,7.0
645,Nagaland,Wokha,50.0 %,0.0 %,0.0 %,0.0 %,0.0 %,50.0 %,4.0
646,Nagaland,Zunheboto,85.71 %,0.0 %,0.0 %,0.0 %,0.0 %,14.29 %,7.0
647,Nagpur,Near Uday nagar NIT garden,0.0 %,100.0 %,0.0 %,0.0 %,0.0 %,0.0 %,1.0
648,ODISHA,NUAPADA,0.0 %,0.0 %,0.0 %,0.0 %,0.0 %,100.0 %,2.0
649,Odisha,ANGUL,0.0 %,0.0 %,0.0 %,0.0 %,0.0 %,100.0 %,1.0
650,Odisha,ANUGUL,100.0 %,0.0 %,0.0 %,0.0 %,0.0 %,0.0 %,1.0
651,Odisha,Angul,72.22 %,5.56 %,0.0 %,0.0 %,0.0 %,22.22 %,36.0
652,Odisha,Anugal,0.0 %,0.0 %,0.0 %,0.0 %,100.0 %,0.0 %,1.0
653,Odisha,Anugul,40.91 %,13.64 %,0.0 %,4.55 %,4.55 %,36.36 %,22.0
654,Odisha,BALANGIR,0.0 %,100.0 %,0.0 %,0.0 %,0.0 %,0.0 %,1.0
655,Odisha,Balangir,90.32 %,0.0 %,0.0 %,0.0 %,0.0 %,9.68 %,31.0
656,Odisha,Baleshwar,66.13 %,6.45 %,0.0 %,0.0 %,1.61 %,25.81 %,62.0
657,Odisha,Baleswar,94.44 %,0.0 %,1.85 %,1.85 %,0.0 %,1.85 %,54.0
658,Odisha,Balianta,0.0 %,100.0 %,0.0 %,0.0 %,0.0 %,0.0 %,1.0
659,Odisha,Bargarh,78.12 %,9.38 %,0.0 %,0.0 %,0.0 %,12.5 %,32.0
660,Odisha,Baudh,83.33 %,0.0 %,0.0 %,0.0 %,0.0 %,16.67 %,6.0
661,Odisha,Bhadrak,82.61 %,0.0 %,0.0 %,4.35 %,0.0 %,13.04 %,46.0
662,Odisha,Bhadrak(R),0.0 %,100.0 %,0.0 %,0.0 %,0.0 %,0.0 %,1.0
663,Odisha,Boudh,85.71 %,7.14 %,0.0 %,0.0 %,0.0 %,7.14 %,14.0
664,Odisha,Cuttack,69.32 %,4.55 %,0.0 %,0.0 %,0.0 %,26.14 %,88.0
665,Odisha,Debagarh,55.56 %,22.22 %,0.0 %,0.0 %,0.0 %,22.22 %,9.0
666,Odisha,Dhenkanal,95.65 %,0.0 %,0.0 %,0.0 %,0.0 %,4.35 %,23.0
667,Odisha,Gajapati,64.0 %,8.0 %,0.0 %,8.0 %,0.0 %,20.0 %,25.0
668,Odisha,Ganjam,95.06 %,1.23 %,0.0 %,0.0 %,0.0 %,3.7 %,81.0
669,Odisha,JAJPUR,88.89 %,2.22 %,0.0 %,0.0 %,0.0 %,8.89 %,45.0
670,Odisha,Jagatsinghapur,93.55 %,0.0 %,0.0 %,0.0 %,0.0 %,6.45 %,31.0
671,Odisha,Jagatsinghpur,63.64 %,3.03 %,0.0 %,0.0 %,0.0 %,33.33 %,33.0
672,Odisha,Jajapur,70.18 %,10.53 %,0.0 %,3.51 %,0.0 %,15.79 %,57.0
673,Odisha,Jajpur,33.33 %,0.0 %,0.0 %,0.0 %,0.0 %,66.67 %,6.0
674,Odisha,Jharsuguda,60.0 %,0.0 %,0.0 %,0.0 %,0.0 %,40.0 %,25.0
675,Odisha,Kalahandi,89.66 %,3.45 %,0.0 %,0.0 %,0.0 %,6.9 %,29.0
676,Odisha,Kandhamal,85.71 %,3.57 %,0.0 %,0.0 %,0.0 %,10.71 %,28.0
677,Odisha,Kendrapara,82.0 %,2.0 %,0.0 %,0.0 %,0.0 %,16.0 %,50.0
678,Odisha,Kendujhar,87.76 %,2.04 %,0.0 %,2.04 %,0.0 %,8.16 %,49.0
679,Odisha,Khorda,83.33 %,4.17 %,0.0 %,0.0 %,0.0 %,12.5 %,72.0
680,Odisha,Khordha,32.81 %,12.5 %,1.56 %,1.56 %,3.12 %,48.44 %,64.0
681,Odisha,Koraput,78.95 %,0.0 %,0.0 %,0.0 %,0.0 %,21.05 %,38.0
682,Odisha,Malkangiri,100.0 %,0.0 %,0.0 %,0.0 %,0.0 %,0.0 %,11.0
683,Odisha,Mayurbhanj,97.1 %,0.0 %,0.0 %,0.0 %,0.0 %,2.9 %,69.0
684,Odisha,NAYAGARH,0.0 %,0.0 %,0.0 %,0.0 %,0.0 %,100.0 %,1.0
685,Odisha,NUAPADA,33.33 %,0.0 %,0.0 %,0.0 %,0.0 %,66.67 %,3.0
686,Odisha,Nabarangapur,83.33 %,5.56 %,0.0 %,0.0 %,5.56 %,5.56 %,18.0
687,Odisha,Nabarangpur,0.0 %,0.0 %,0.0 %,0.0 %,100.0 %,0.0 %,1.0
688,Odisha,Nayagarh,77.42 %,0.0 %,0.0 %,0.0 %,0.0 %,22.58 %,31.0
689,Odisha,Nuapada,87.5 %,0.0 %,0.0 %,0.0 %,0.0 %,12.5 %,8.0
690,Odisha,Puri,85.0 %,5.0 %,0.0 %,0.0 %,0.0 %,10.0 %,40.0
691,Odisha,Rayagada,85.71 %,4.76 %,0.0 %,0.0 %,0.0 %,9.52 %,21.0
692,Odisha,Sambalpur,74.29 %,8.57 %,0.0 %,0.0 %,0.0 %,17.14 %,35.0
693,Odisha,Sonapur,100.0 %,0.0 %,0.0 %,0.0 %,0.0 %,0.0 %,9.0
694,Odisha,Subarnapur,70.0 %,0.0 %,0.0 %,0.0 %,0.0 %,30.0 %,10.0
695,Odisha,Sundargarh,63.83 %,0.0 %,2.13 %,0.0 %,0.0 %,34.04 %,47.0
696,Odisha,Sundergarh,96.55 %,0.0 %,0.0 %,0.0 %,0.0 %,3.45 %,58.0
697,Odisha,jajpur,33.33 %,16.67 %,0.0 %,0.0 %,0.0 %,50.0 %,6.0
698,Orissa,Angul,0.0 %,33.33 %,0.0 %,0.0 %,0.0 %,66.67 %,3.0
699,Orissa,Anugul,10.0 %,36.67 %,0.0 %,3.33 %,3.33 %,46.67 %,30.0
700,Orissa,Anugul  *,0.0 %,100.0 %,0.0 %,0.0 %,0.0 %,0.0 %,1.0
701,Orissa,Balangir,53.57 %,3.57 %,0.0 %,3.57 %,0.0 %,39.29 %,28.0
702,Orissa,Baleshwar,34.0 %,8.0 %,2.0 %,2.0 %,2.0 %,52.0 %,50.0
703,Orissa,Baleswar,0.0 %,41.67 %,0.0 %,0.0 %,8.33 %,50.0 %,12.0
704,Orissa,Bargarh,16.67 %,33.33 %,0.0 %,0.0 %,0.0 %,50.0 %,18.0
705,Orissa,Baudh,0.0 %,100.0 %,0.0 %,0.0 %,0.0 %,0.0 %,7.0
706,Orissa,Bhadrak,48.65 %,0.0 %,0.0 %,10.81 %,0.0 %,40.54 %,37.0
707,Orissa,Cuttack,20.97 %,29.03 %,0.0 %,1.61 %,3.23 %,45.16 %,62.0
708,Orissa,Debagarh,0.0 %,75.0 %,0.0 %,0.0 %,0.0 %,25.0 %,4.0
709,Orissa,Dhenkanal,14.29 %,14.29 %,0.0 %,0.0 %,4.76 %,66.67 %,21.0
710,Orissa,Gajapati,0.0 %,70.59 %,0.0 %,0.0 %,0.0 %,29.41 %,17.0
711,Orissa,Ganjam,24.29 %,35.71 %,0.0 %,0.0 %,0.0 %,40.0 %,70.0
712,Orissa,Jagatsinghapur,4.0 %,40.0 %,0.0 %,0.0 %,0.0 %,56.0 %,25.0
713,Orissa,Jajapur,13.16 %,31.58 %,0.0 %,7.89 %,5.26 %,42.11 %,38.0
714,Orissa,Jajapur  *,0.0 %,100.0 %,0.0 %,0.0 %,0.0 %,0.0 %,3.0
715,Orissa,Jharsuguda,0.0 %,50.0 %,0.0 %,8.33 %,0.0 %,41.67 %,12.0
716,Orissa,Kalahandi,0.0 %,85.71 %,0.0 %,0.0 %,0.0 %,14.29 %,14.0
717,Orissa,Kandhamal,0.0 %,21.05 %,0.0 %,10.53 %,5.26 %,63.16 %,19.0
718,Orissa,Kendrapara,2.86 %,40.0 %,0.0 %,0.0 %,5.71 %,51.43 %,35.0
719,Orissa,Kendrapara *,0.0 %,100.0 %,0.0 %,0.0 %,0.0 %,0.0 %,1.0
720,Orissa,Kendujhar,5.71 %,60.0 %,2.86 %,11.43 %,2.86 %,17.14 %,35.0
721,Orissa,Khorda,0.0 %,66.67 %,0.0 %,0.0 %,11.11 %,22.22 %,9.0
722,Orissa,Khordha,45.16 %,14.52 %,1.61 %,3.23 %,1.61 %,33.87 %,62.0
723,Orissa,Khordha  *,0.0 %,100.0 %,0.0 %,0.0 %,0.0 %,0.0 %,1.0
724,Orissa,Koraput,25.0 %,29.17 %,0.0 %,0.0 %,0.0 %,45.83 %,24.0
725,Orissa,Malkangiri,22.22 %,55.56 %,0.0 %,11.11 %,0.0 %,11.11 %,9.0
726,Orissa,Mayurbhanj,0.0 %,66.67 %,0.0 %,9.8 %,1.96 %,21.57 %,51.0
727,Orissa,Nabarangapur,0.0 %,80.0 %,0.0 %,10.0 %,10.0 %,0.0 %,10.0
728,Orissa,Nayagarh,29.17 %,20.83 %,0.0 %,4.17 %,0.0 %,45.83 %,24.0
729,Orissa,Nuapada,0.0 %,100.0 %,0.0 %,0.0 %,0.0 %,0.0 %,3.0
730,Orissa,Puri,36.36 %,15.15 %,0.0 %,0.0 %,0.0 %,48.48 %,33.0
731,Orissa,Rayagada,14.29 %,64.29 %,0.0 %,0.0 %,0.0 %,21.43 %,14.0
732,Orissa,Sambalpur,8.7 %,47.83 %,0.0 %,8.7 %,0.0 %,34.78 %,23.0
733,Orissa,Sonapur,0.0 %,33.33 %,0.0 %,16.67 %,0.0 %,50.0 %,6.0
734,Orissa,Subarnapur,0.0 %,0.0 %,0.0 %,0.0 %,0.0 %,100.0 %,1.0
735,Orissa,Sundargarh,10.2 %,32.65 %,4.08 %,2.04 %,2.04 %,48.98 %,49.0
736,Orissa,Sundergarh,0.0 %,75.0 %,0.0 %,0.0 %,25.0 %,0.0 %,4.0
737,Pondicherry,Cuddalore,0.0 %,100.0 %,0.0 %,0.0 %,0.0 %,0.0 %,2.0
738,Pondicherry,Karaikal,62.5 %,0.0 %,0.0 %,0.0 %,0.0 %,37.5 %,8.0
739,Pondicherry,Pondicherry,81.48 %,0.0 %,0.0 %,0.0 %,0.0 %,18.52 %,27.0
740,Pondicherry,Viluppuram,0.0 %,40.0 %,0.0 %,0.0 %,0.0 %,60.0 %,5.0
741,Pondicherry,Yanam,100.0 %,0.0 %,0.0 %,0.0 %,0.0 %,0.0 %,1.0
742,Puducherry,Karaikal,100.0 %,0.0 %,0.0 %,0.0 %,0.0 %,0.0 %,8.0
743,Puducherry,Pondicherry,0.0 %,57.14 %,0.0 %,21.43 %,0.0 %,21.43 %,14.0
744,Puducherry,Puducherry,78.57 %,3.57 %,0.0 %,0.0 %,0.0 %,17.86 %,28.0
745,Puducherry,Yanam,100.0 %,0.0 %,0.0 %,0.0 %,0.0 %,0.0 %,1.0
746,Punjab,Amritsar,62.5 %,17.86 %,0.0 %,0.0 %,0.0 %,19.64 %,56.0
747,Punjab,Barnala,84.62 %,0.0 %,0.0 %,0.0 %,0.0 %,15.38 %,13.0
748,Punjab,Bathinda,78.26 %,4.35 %,0.0 %,0.0 %,0.0 %,17.39 %,23.0
749,Punjab,Faridkot,88.89 %,0.0 %,0.0 %,0.0 %,0.0 %,11.11 %,9.0
750,Punjab,Fatehgarh Sahib,56.52 %,8.7 %,0.0 %,0.0 %,0.0 %,34.78 %,23.0
751,Punjab,Fazilka,71.43 %,7.14 %,0.0 %,0.0 %,0.0 %,21.43 %,14.0
752,Punjab,Ferozepur,68.18 %,13.64 %,0.0 %,0.0 %,0.0 %,18.18 %,22.0
753,Punjab,Firozpur,62.5 %,16.67 %,0.0 %,0.0 %,0.0 %,20.83 %,24.0
754,Punjab,Gurdaspur,78.95 %,0.0 %,0.0 %,0.0 %,0.0 %,21.05 %,38.0
755,Punjab,Hoshiarpur,68.42 %,1.75 %,0.0 %,0.0 %,0.0 %,29.82 %,57.0
756,Punjab,Jalandhar,80.26 %,3.95 %,0.0 %,0.0 %,0.0 %,15.79 %,76.0
757,Punjab,Kapurthala,72.41 %,13.79 %,0.0 %,0.0 %,0.0 %,13.79 %,29.0
758,Punjab,Ludhiana,85.14 %,1.35 %,0.0 %,0.0 %,0.0 %,13.51 %,74.0
759,Punjab,Malerkotla,71.43 %,0.0 %,0.0 %,0.0 %,0.0 %,28.57 %,7.0
760,Punjab,Mansa,91.67 %,0.0 %,0.0 %,0.0 %,0.0 %,8.33 %,12.0
761,Punjab,Moga,87.5 %,0.0 %,0.0 %,0.0 %,0.0 %,12.5 %,24.0
762,Punjab,Muktsar,42.86 %,7.14 %,0.0 %,7.14 %,0.0 %,42.86 %,14.0
763,Punjab,Nawanshahr,16.67 %,6.67 %,0.0 %,3.33 %,3.33 %,70.0 %,30.0
764,Punjab,Pathankot,66.67 %,0.0 %,0.0 %,0.0 %,0.0 %,33.33 %,15.0
765,Punjab,Patiala,62.96 %,11.11 %,0.0 %,0.0 %,0.0 %,25.93 %,27.0
766,Punjab,Rupnagar,51.43 %,14.29 %,0.0 %,2.86 %,0.0 %,31.43 %,35.0
767,Punjab,S.A.S Nagar,0.0 %,0.0 %,0.0 %,0.0 %,100.0 %,0.0 %,1.0
768,Punjab,S.A.S Nagar(Mohali),34.78 %,13.04 %,0.0 %,4.35 %,0.0 %,47.83 %,23.0
769,Punjab,SAS Nagar (Mohali),83.33 %,3.33 %,0.0 %,0.0 %,0.0 %,13.33 %,30.0
770,Punjab,Sangrur,73.91 %,8.7 %,0.0 %,0.0 %,0.0 %,17.39 %,23.0
771,Punjab,Shaheed Bhagat Singh Nagar,65.62 %,6.25 %,0.0 %,0.0 %,0.0 %,28.12 %,32.0
772,Punjab,Sri Muktsar Sahib,81.25 %,0.0 %,0.0 %,0.0 %,0.0 %,18.75 %,16.0
773,Punjab,Tarn Taran,72.73 %,3.03 %,0.0 %,0.0 %,0.0 %,24.24 %,33.0
774,Puttenahalli,5th cross,0.0 %,100.0 %,0.0 %,0.0 %,0.0 %,0.0 %,1.0
775,Raja Annamalai Puram,Near Dhyana Ashram,0.0 %,100.0 %,0.0 %,0.0 %,0.0 %,0.0 %,1.0
776,Rajasthan,Ajmer,96.36 %,1.82 %,0.0 %,0.0 %,0.0 %,1.82 %,55.0
777,Rajasthan,Alwar,97.96 %,2.04 %,0.0 %,0.0 %,0.0 %,0.0 %,49.0
778,Rajasthan,Balotra,0.0 %,28.57 %,0.0 %,71.43 %,0.0 %,0.0 %,14.0
779,Rajasthan,Banswara,90.0 %,0.0 %,0.0 %,0.0 %,0.0 %,10.0 %,20.0
780,Rajasthan,Baran,77.78 %,11.11 %,0.0 %,0.0 %,0.0 %,11.11 %,18.0
781,Rajasthan,Barmer,100.0 %,0.0 %,0.0 %,0.0 %,0.0 %,0.0 %,27.0
782,Rajasthan,Beawar,0.0 %,57.89 %,0.0 %,31.58 %,0.0 %,10.53 %,19.0
783,Rajasthan,Bharatpur,96.97 %,3.03 %,0.0 %,0.0 %,0.0 %,0.0 %,33.0
784,Rajasthan,Bhilwara,88.89 %,5.56 %,0.0 %,0.0 %,0.0 %,5.56 %,36.0
785,Rajasthan,Bikaner,100.0 %,0.0 %,0.0 %,0.0 %,0.0 %,0.0 %,27.0
786,Rajasthan,Bundi,94.44 %,0.0 %,0.0 %,0.0 %,0.0 %,5.56 %,18.0
787,Rajasthan,Chittaurgarh,24.39 %,29.27 %,0.0 %,0.0 %,19.51 %,26.83 %,41.0
788,Rajasthan,Chittorgarh,83.78 %,5.41 %,0.0 %,0.0 %,0.0 %,10.81 %,37.0
789,Rajasthan,Churu,92.59 %,0.0 %,0.0 %,0.0 %,3.7 %,3.7 %,27.0
790,Rajasthan,Dausa,71.05 %,5.26 %,0.0 %,0.0 %,0.0 %,23.68 %,38.0
791,Rajasthan,Deeg,0.0 %,23.08 %,30.77 %,7.69 %,15.38 %,23.08 %,13.0
792,Rajasthan,Deeg ,7.69 %,23.08 %,30.77 %,30.77 %,0.0 %,7.69 %,13.0
793,Rajasthan,Dhaulpur,16.67 %,16.67 %,0.0 %,0.0 %,0.0 %,66.67 %,12.0
794,Rajasthan,Dholpur,100.0 %,0.0 %,0.0 %,0.0 %,0.0 %,0.0 %,13.0
795,Rajasthan,Didwana-Kuchaman,0.0 %,30.77 %,0.0 %,65.38 %,0.0 %,3.85 %,26.0
796,Rajasthan,Dungarpur,100.0 %,0.0 %,0.0 %,0.0 %,0.0 %,0.0 %,26.0
797,Rajasthan,Ganganagar,85.29 %,5.88 %,0.0 %,0.0 %,0.0 %,8.82 %,34.0
798,Rajasthan,Hanumangarh,94.74 %,0.0 %,0.0 %,0.0 %,0.0 %,5.26 %,19.0
799,Rajasthan,Jaipur,93.02 %,3.49 %,0.0 %,0.0 %,0.0 %,3.49 %,86.0
800,Rajasthan,Jaisalmer,76.47 %,5.88 %,0.0 %,0.0 %,0.0 %,17.65 %,17.0
801,Rajasthan,Jalor,95.45 %,0.0 %,0.0 %,0.0 %,0.0 %,4.55 %,22.0
802,Rajasthan,Jalore,4.76 %,23.81 %,9.52 %,52.38 %,0.0 %,9.52 %,21.0
803,Rajasthan,Jhalawar,94.74 %,5.26 %,0.0 %,0.0 %,0.0 %,0.0 %,19.0
804,Rajasthan,Jhunjhunu,31.25 %,12.5 %,2.08 %,2.08 %,2.08 %,50.0 %,48.0
805,Rajasthan,Jhunjhunun,96.0 %,0.0 %,0.0 %,0.0 %,2.0 %,2.0 %,50.0
806,Rajasthan,Jodhpur,93.18 %,0.0 %,0.0 %,0.0 %,0.0 %,6.82 %,44.0
807,Rajasthan,Karauli,100.0 %,0.0 %,0.0 %,0.0 %,0.0 %,0.0 %,25.0
808,Rajasthan,Khairthal-Tijara,0.0 %,45.45 %,0.0 %,27.27 %,0.0 %,27.27 %,11.0
809,Rajasthan,Kota,90.91 %,3.03 %,0.0 %,3.03 %,0.0 %,3.03 %,33.0
810,Rajasthan,Kotputli-Behror,0.0 %,38.1 %,0.0 %,57.14 %,0.0 %,4.76 %,21.0
811,Rajasthan,Nagaur,100.0 %,0.0 %,0.0 %,0.0 %,0.0 %,0.0 %,47.0
812,Rajasthan,Pali,100.0 %,0.0 %,0.0 %,0.0 %,0.0 %,0.0 %,44.0
813,Rajasthan,Phalodi,0.0 %,58.33 %,0.0 %,41.67 %,0.0 %,0.0 %,12.0
814,Rajasthan,Pratapgarh,70.0 %,10.0 %,0.0 %,0.0 %,0.0 %,20.0 %,20.0
815,Rajasthan,Rajsamand,82.86 %,5.71 %,0.0 %,0.0 %,0.0 %,11.43 %,35.0
816,Rajasthan,Salumbar,0.0 %,28.57 %,0.0 %,71.43 %,0.0 %,0.0 %,14.0
817,Rajasthan,Sawai Madhopur,96.43 %,0.0 %,0.0 %,0.0 %,0.0 %,3.57 %,28.0
818,Rajasthan,Sikar,100.0 %,0.0 %,0.0 %,0.0 %,0.0 %,0.0 %,56.0
819,Rajasthan,Sirohi,100.0 %,0.0 %,0.0 %,0.0 %,0.0 %,0.0 %,19.0
820,Rajasthan,Tonk,100.0 %,0.0 %,0.0 %,0.0 %,0.0 %,0.0 %,16.0
821,Rajasthan,Udaipur,87.23 %,4.26 %,0.0 %,0.0 %,0.0 %,8.51 %,47.0
822,Sikkim,East,90.91 %,9.09 %,0.0 %,0.0 %,0.0 %,0.0 %,11.0
823,Sikkim,East Sikkim,91.67 %,8.33 %,0.0 %,0.0 %,0.0 %,0.0 %,12.0
824,Sikkim,Mangan,0.0 %,60.0 %,0.0 %,0.0 %,40.0 %,0.0 %,5.0
825,Sikkim,Namchi,0.0 %,50.0 %,33.33 %,16.67 %,0.0 %,0.0 %,6.0
826,Sikkim,North,66.67 %,0.0 %,0.0 %,0.0 %,0.0 %,33.33 %,6.0
827,Sikkim,North Sikkim,66.67 %,0.0 %,0.0 %,0.0 %,0.0 %,33.33 %,6.0
828,Sikkim,South,60.0 %,10.0 %,0.0 %,0.0 %,0.0 %,30.0 %,10.0
829,Sikkim,South Sikkim,75.0 %,0.0 %,0.0 %,0.0 %,0.0 %,25.0 %,8.0
830,Sikkim,West,75.0 %,25.0 %,0.0 %,0.0 %,0.0 %,0.0 %,4.0
831,Sikkim,West Sikkim,100.0 %,0.0 %,0.0 %,0.0 %,0.0 %,0.0 %,3.0
832,Tamil Nadu,Ariyalur,93.55 %,3.23 %,0.0 %,0.0 %,0.0 %,3.23 %,31.0
833,Tamil Nadu,Chengalpattu,72.92 %,0.0 %,0.0 %,0.0 %,0.0 %,27.08 %,48.0
834,Tamil Nadu,Chennai,89.25 %,1.08 %,2.15 %,0.0 %,0.0 %,7.53 %,93.0
835,Tamil Nadu,Coimbatore,77.04 %,8.15 %,0.0 %,1.48 %,0.74 %,12.59 %,135.0
836,Tamil Nadu,Cuddalore,91.67 %,2.78 %,0.0 %,0.0 %,1.39 %,4.17 %,72.0
837,Tamil Nadu,Dharmapuri,52.46 %,13.11 %,0.0 %,3.28 %,0.0 %,31.15 %,61.0
838,Tamil Nadu,Dindigul,98.28 %,0.0 %,0.0 %,0.0 %,0.0 %,1.72 %,58.0
839,Tamil Nadu,Erode,81.94 %,8.33 %,0.0 %,1.39 %,0.0 %,8.33 %,72.0
840,Tamil Nadu,Kallakurichi,56.86 %,3.92 %,0.0 %,5.88 %,0.0 %,33.33 %,51.0
841,Tamil Nadu,Kancheepuram,93.4 %,0.94 %,0.0 %,0.94 %,0.0 %,4.72 %,106.0
842,Tamil Nadu,Kanchipuram,0.0 %,66.67 %,0.0 %,0.0 %,25.0 %,8.33 %,12.0
843,Tamil Nadu,Kanniyakumari,63.16 %,6.58 %,0.0 %,0.0 %,0.0 %,30.26 %,76.0
844,Tamil Nadu,Kanyakumari,57.35 %,0.0 %,0.0 %,0.0 %,0.0 %,42.65 %,68.0
845,Tamil Nadu,Karur,92.11 %,2.63 %,0.0 %,0.0 %,0.0 %,5.26 %,38.0
846,Tamil Nadu,Krishnagiri,77.08 %,0.0 %,0.0 %,2.08 %,0.0 %,20.83 %,48.0
847,Tamil Nadu,Madurai,90.48 %,3.17 %,0.0 %,0.0 %,0.0 %,6.35 %,63.0
848,Tamil Nadu,Mayiladuthurai,69.05 %,0.0 %,0.0 %,0.0 %,0.0 %,30.95 %,42.0
849,Tamil Nadu,Nagapattinam,89.8 %,1.02 %,0.0 %,0.0 %,0.0 %,9.18 %,98.0
850,Tamil Nadu,Namakkal,83.58 %,0.0 %,0.0 %,1.49 %,0.0 %,14.93 %,67.0
851,Tamil Nadu,Namakkal   *,0.0 %,0.0 %,0.0 %,0.0 %,100.0 %,0.0 %,1.0
852,Tamil Nadu,Perambalur,92.31 %,0.0 %,0.0 %,0.0 %,0.0 %,7.69 %,26.0
853,Tamil Nadu,Pudukkottai,95.16 %,1.61 %,0.0 %,0.0 %,0.0 %,3.23 %,62.0
854,Tamil Nadu,Ramanathapuram,93.44 %,0.0 %,0.0 %,0.0 %,0.0 %,6.56 %,61.0
855,Tamil Nadu,Ranipet,23.08 %,15.38 %,0.0 %,0.0 %,0.0 %,61.54 %,26.0
856,Tamil Nadu,Salem,92.63 %,1.05 %,0.0 %,0.0 %,0.0 %,6.32 %,95.0
857,Tamil Nadu,Sivaganga,83.33 %,0.0 %,0.0 %,0.0 %,0.0 %,16.67 %,84.0
858,Tamil Nadu,Tenkasi,78.72 %,0.0 %,0.0 %,0.0 %,0.0 %,21.28 %,47.0
859,Tamil Nadu,Thanjavur,91.07 %,0.0 %,0.0 %,0.0 %,0.89 %,8.04 %,112.0
860,Tamil Nadu,The Nilgiris,90.0 %,2.0 %,0.0 %,0.0 %,0.0 %,8.0 %,50.0
861,Tamil Nadu,Theni,85.29 %,0.0 %,0.0 %,0.0 %,0.0 %,14.71 %,34.0
862,Tamil Nadu,Thiruvallur,13.64 %,31.82 %,1.52 %,3.03 %,1.52 %,48.48 %,66.0
863,Tamil Nadu,Thiruvarur,90.0 %,1.25 %,0.0 %,1.25 %,0.0 %,7.5 %,80.0
864,Tamil Nadu,Thoothukkudi,90.62 %,1.04 %,0.0 %,1.04 %,0.0 %,7.29 %,96.0
865,Tamil Nadu,Tiruchirappalli,88.89 %,2.02 %,0.0 %,0.0 %,0.0 %,9.09 %,99.0
866,Tamil Nadu,Tirunelveli,87.02 %,0.0 %,0.0 %,1.53 %,0.0 %,11.45 %,131.0
867,Tamil Nadu,Tirupathur,0.0 %,0.0 %,0.0 %,0.0 %,0.0 %,100.0 %,2.0
868,Tamil Nadu,Tirupattur,85.19 %,0.0 %,0.0 %,0.0 %,0.0 %,14.81 %,27.0
869,Tamil Nadu,Tiruppur,78.75 %,3.75 %,0.0 %,0.0 %,0.0 %,17.5 %,80.0
870,Tamil Nadu,Tiruvallur,94.94 %,0.0 %,0.0 %,0.0 %,0.0 %,5.06 %,79.0
871,Tamil Nadu,Tiruvannamalai,93.06 %,0.0 %,0.0 %,1.39 %,0.0 %,5.56 %,72.0
872,Tamil Nadu,Tiruvarur,0.0 %,100.0 %,0.0 %,0.0 %,0.0 %,0.0 %,3.0
873,Tamil Nadu,Tuticorin,0.0 %,71.43 %,0.0 %,0.0 %,14.29 %,14.29 %,7.0
874,Tamil Nadu,Vellore,91.07 %,0.0 %,0.0 %,0.0 %,0.0 %,8.93 %,112.0
875,Tamil Nadu,Villupuram,90.43 %,0.0 %,0.0 %,0.0 %,0.0 %,9.57 %,94.0
876,Tamil Nadu,Viluppuram,93.41 %,1.1 %,0.0 %,0.0 %,0.0 %,5.49 %,91.0
877,Tamil Nadu,Virudhunagar,81.16 %,2.9 %,0.0 %,0.0 %,0.0 %,15.94 %,69.0
878,Tamilnadu,Chennai,0.0 %,0.0 %,0.0 %,0.0 %,0.0 %,100.0 %,1.0
879,Telangana,Adilabad,89.8 %,0.0 %,0.0 %,0.0 %,0.0 %,10.2 %,49.0
880,Telangana,Bhadradri Kothagudem,85.71 %,0.0 %,0.0 %,0.0 %,3.57 %,10.71 %,28.0
881,Telangana,Hanumakonda,71.88 %,3.12 %,0.0 %,9.38 %,0.0 %,15.62 %,32.0
882,Telangana,Hyderabad,87.01 %,5.19 %,0.0 %,0.0 %,2.6 %,5.19 %,77.0
883,Telangana,Jagitial,69.23 %,0.0 %,0.0 %,0.0 %,0.0 %,30.77 %,26.0
884,Telangana,Jangaon,71.43 %,0.0 %,0.0 %,14.29 %,0.0 %,14.29 %,7.0
885,Telangana,Jangoan,85.0 %,5.0 %,0.0 %,0.0 %,0.0 %,10.0 %,20.0
886,Telangana,Jayashankar Bhupalpally,71.43 %,0.0 %,0.0 %,0.0 %,0.0 %,28.57 %,14.0
887,Telangana,Jogulamba Gadwal,80.0 %,0.0 %,0.0 %,10.0 %,0.0 %,10.0 %,10.0
888,Telangana,K.v. Rangareddy,89.11 %,0.99 %,0.0 %,0.0 %,0.0 %,9.9 %,101.0
889,Telangana,Kamareddy,74.07 %,3.7 %,0.0 %,0.0 %,0.0 %,22.22 %,27.0
890,Telangana,Karimnagar,92.94 %,2.35 %,0.0 %,0.0 %,0.0 %,4.71 %,85.0
891,Telangana,Khammam,87.5 %,0.0 %,0.0 %,0.0 %,0.0 %,12.5 %,56.0
892,Telangana,Komaram Bheem,90.91 %,9.09 %,0.0 %,0.0 %,0.0 %,0.0 %,11.0
893,Telangana,Mahabubabad,84.21 %,5.26 %,0.0 %,0.0 %,0.0 %,10.53 %,19.0
894,Telangana,Mahabubnagar,97.3 %,1.35 %,0.0 %,1.35 %,0.0 %,0.0 %,74.0
895,Telangana,Mancherial,95.24 %,4.76 %,0.0 %,0.0 %,0.0 %,0.0 %,21.0
896,Telangana,Medak,96.05 %,0.0 %,0.0 %,0.0 %,0.0 %,3.95 %,76.0
897,Telangana,Medchal Malkajgiri,0.0 %,0.0 %,0.0 %,0.0 %,100.0 %,0.0 %,2.0
898,Telangana,Medchal-malkajgiri,81.25 %,3.12 %,0.0 %,3.12 %,0.0 %,12.5 %,32.0
899,Telangana,Medchal?malkajgiri,8.33 %,0.0 %,0.0 %,0.0 %,0.0 %,91.67 %,12.0
900,Telangana,Medchalâmalkajgiri,0.0 %,100.0 %,0.0 %,0.0 %,0.0 %,0.0 %,1.0
901,Telangana,Medchal−malkajgiri,77.78 %,0.0 %,0.0 %,0.0 %,0.0 %,22.22 %,18.0
902,Telangana,Mulugu,76.92 %,7.69 %,0.0 %,0.0 %,0.0 %,15.38 %,13.0
903,Telangana,Nagarkurnool,82.61 %,0.0 %,0.0 %,0.0 %,0.0 %,17.39 %,23.0
904,Telangana,Nalgonda,98.28 %,1.72 %,0.0 %,0.0 %,0.0 %,0.0 %,58.0
905,Telangana,Narayanpet,76.47 %,17.65 %,0.0 %,0.0 %,0.0 %,5.88 %,17.0
906,Telangana,Nirmal,92.31 %,0.0 %,0.0 %,0.0 %,0.0 %,7.69 %,13.0
907,Telangana,Nizamabad,90.74 %,0.0 %,0.0 %,0.0 %,0.0 %,9.26 %,54.0
908,Telangana,Peddapalli,83.33 %,0.0 %,0.0 %,0.0 %,0.0 %,16.67 %,18.0
909,Telangana,Rajanna Sircilla,71.43 %,0.0 %,0.0 %,0.0 %,0.0 %,28.57 %,14.0
910,Telangana,Ranga Reddy,0.0 %,0.0 %,0.0 %,0.0 %,100.0 %,0.0 %,1.0
911,Telangana,Rangareddy,100.0 %,0.0 %,0.0 %,0.0 %,0.0 %,0.0 %,6.0
912,Telangana,Sangareddy,82.05 %,0.0 %,0.0 %,0.0 %,0.0 %,17.95 %,39.0
913,Telangana,Siddipet,90.91 %,0.0 %,0.0 %,0.0 %,0.0 %,9.09 %,33.0
914,Telangana,Suryapet,86.36 %,4.55 %,0.0 %,0.0 %,0.0 %,9.09 %,22.0
915,Telangana,Vikarabad,70.37 %,0.0 %,0.0 %,3.7 %,0.0 %,25.93 %,27.0
916,Telangana,Wanaparthy,92.31 %,0.0 %,0.0 %,0.0 %,0.0 %,7.69 %,13.0
917,Telangana,Warangal,89.04 %,0.0 %,0.0 %,0.0 %,0.0 %,10.96 %,73.0
918,Telangana,Warangal (urban),25.0 %,25.0 %,0.0 %,25.0 %,0.0 %,25.0 %,4.0
919,Telangana,Warangal Rural,78.26 %,8.7 %,0.0 %,0.0 %,0.0 %,13.04 %,23.0
920,Telangana,Warangal Urban,48.0 %,0.0 %,0.0 %,0.0 %,0.0 %,52.0 %,25.0
921,Telangana,Yadadri.,93.75 %,6.25 %,0.0 %,0.0 %,0.0 %,0.0 %,16.0
922,The Dadra And Nagar Haveli And Daman And Diu,Dadra And Nagar Haveli,0.0 %,0.0 %,0.0 %,0.0 %,100.0 %,0.0 %,1.0
923,Tripura,Dhalai,92.31 %,0.0 %,0.0 %,0.0 %,0.0 %,7.69 %,13.0
924,Tripura,Dhalai  *,14.29 %,14.29 %,0.0 %,14.29 %,0.0 %,57.14 %,7.0
925,Tripura,Gomati,88.89 %,0.0 %,0.0 %,0.0 %,0.0 %,11.11 %,9.0
926,Tripura,Khowai,100.0 %,0.0 %,0.0 %,0.0 %,0.0 %,0.0 %,5.0
927,Tripura,North Tripura,95.0 %,0.0 %,0.0 %,0.0 %,0.0 %,5.0 %,20.0
928,Tripura,Sepahijala,77.78 %,11.11 %,0.0 %,0.0 %,0.0 %,11.11 %,9.0
929,Tripura,South Tripura,73.91 %,0.0 %,0.0 %,0.0 %,0.0 %,26.09 %,23.0
930,Tripura,Unakoti,88.89 %,0.0 %,0.0 %,0.0 %,0.0 %,11.11 %,9.0
931,Tripura,West Tripura,79.49 %,5.13 %,0.0 %,0.0 %,0.0 %,15.38 %,39.0
932,Uttar Pradesh,Agra,75.68 %,2.7 %,0.0 %,0.0 %,0.0 %,21.62 %,37.0
933,Uttar Pradesh,Aligarh,92.5 %,0.0 %,0.0 %,0.0 %,5.0 %,2.5 %,40.0
934,Uttar Pradesh,Allahabad,80.36 %,5.36 %,0.0 %,0.0 %,1.79 %,12.5 %,56.0
935,Uttar Pradesh,Ambedkar Nagar,62.0 %,18.0 %,0.0 %,2.0 %,0.0 %,18.0 %,50.0
936,Uttar Pradesh,Amethi,62.07 %,10.34 %,0.0 %,5.17 %,0.0 %,22.41 %,58.0
937,Uttar Pradesh,Amroha,66.67 %,19.05 %,0.0 %,0.0 %,0.0 %,14.29 %,21.0
938,Uttar Pradesh,Auraiya,89.47 %,0.0 %,0.0 %,0.0 %,0.0 %,10.53 %,19.0
939,Uttar Pradesh,Auraiya *,0.0 %,0.0 %,0.0 %,0.0 %,0.0 %,100.0 %,1.0
940,Uttar Pradesh,Ayodhya,91.89 %,5.41 %,0.0 %,0.0 %,0.0 %,2.7 %,37.0
941,Uttar Pradesh,Azamgarh,81.67 %,5.0 %,0.0 %,1.67 %,0.0 %,11.67 %,60.0
942,Uttar Pradesh,Baghpat,81.82 %,9.09 %,0.0 %,0.0 %,0.0 %,9.09 %,22.0
943,Uttar Pradesh,Baghpat *,0.0 %,50.0 %,0.0 %,50.0 %,0.0 %,0.0 %,2.0
944,Uttar Pradesh,Bagpat,0.0 %,55.56 %,0.0 %,11.11 %,11.11 %,22.22 %,9.0
945,Uttar Pradesh,Bahraich,92.0 %,0.0 %,0.0 %,0.0 %,0.0 %,8.0 %,25.0
946,Uttar Pradesh,Ballia,100.0 %,0.0 %,0.0 %,0.0 %,0.0 %,0.0 %,39.0
947,Uttar Pradesh,Balrampur,63.64 %,18.18 %,0.0 %,0.0 %,0.0 %,18.18 %,22.0
948,Uttar Pradesh,Banda,52.17 %,13.04 %,0.0 %,0.0 %,0.0 %,34.78 %,23.0
949,Uttar Pradesh,Bara Banki,95.24 %,2.38 %,0.0 %,0.0 %,0.0 %,2.38 %,42.0
950,Uttar Pradesh,Barabanki,37.14 %,20.0 %,2.86 %,0.0 %,20.0 %,20.0 %,35.0
951,Uttar Pradesh,Bareilly,78.79 %,3.03 %,0.0 %,0.0 %,0.0 %,18.18 %,33.0
952,Uttar Pradesh,Basti,76.19 %,9.52 %,2.38 %,2.38 %,0.0 %,9.52 %,42.0
953,Uttar Pradesh,Bhadohi,100.0 %,0.0 %,0.0 %,0.0 %,0.0 %,0.0 %,14.0
954,Uttar Pradesh,Bijnor,100.0 %,0.0 %,0.0 %,0.0 %,0.0 %,0.0 %,28.0
955,Uttar Pradesh,Budaun,89.29 %,0.0 %,0.0 %,3.57 %,0.0 %,7.14 %,28.0
956,Uttar Pradesh,Bulandshahar,20.0 %,23.33 %,3.33 %,3.33 %,16.67 %,33.33 %,30.0
957,Uttar Pradesh,Bulandshahr,83.33 %,1.85 %,0.0 %,0.0 %,1.85 %,12.96 %,54.0
958,Uttar Pradesh,Chandauli,75.0 %,4.17 %,0.0 %,0.0 %,0.0 %,20.83 %,24.0
959,Uttar Pradesh,Chandauli *,0.0 %,50.0 %,0.0 %,50.0 %,0.0 %,0.0 %,2.0
960,Uttar Pradesh,Chitrakoot,50.0 %,18.75 %,0.0 %,0.0 %,0.0 %,31.25 %,16.0
961,Uttar Pradesh,Chitrakoot *,0.0 %,100.0 %,0.0 %,0.0 %,0.0 %,0.0 %,1.0
962,Uttar Pradesh,Deoria,75.0 %,7.5 %,0.0 %,7.5 %,2.5 %,7.5 %,40.0
963,Uttar Pradesh,Etah,66.67 %,8.33 %,0.0 %,0.0 %,0.0 %,25.0 %,24.0
964,Uttar Pradesh,Etawah,88.89 %,0.0 %,0.0 %,0.0 %,0.0 %,11.11 %,18.0
965,Uttar Pradesh,Faizabad,88.37 %,6.98 %,0.0 %,0.0 %,0.0 %,4.65 %,43.0
966,Uttar Pradesh,Farrukhabad,96.15 %,0.0 %,0.0 %,0.0 %,0.0 %,3.85 %,26.0
967,Uttar Pradesh,Fatehpur,96.3 %,0.0 %,0.0 %,0.0 %,0.0 %,3.7 %,27.0
968,Uttar Pradesh,Firozabad,80.65 %,6.45 %,0.0 %,6.45 %,0.0 %,6.45 %,31.0
969,Uttar Pradesh,Gautam Buddha Nagar,78.12 %,3.12 %,3.12 %,0.0 %,0.0 %,15.62 %,32.0
970,Uttar Pradesh,Gautam Buddha Nagar *,0.0 %,100.0 %,0.0 %,0.0 %,0.0 %,0.0 %,1.0
971,Uttar Pradesh,Ghaziabad,93.94 %,0.0 %,0.0 %,3.03 %,0.0 %,3.03 %,33.0
972,Uttar Pradesh,Ghazipur,97.62 %,0.0 %,0.0 %,0.0 %,0.0 %,2.38 %,42.0
973,Uttar Pradesh,Gonda,87.18 %,10.26 %,0.0 %,0.0 %,0.0 %,2.56 %,39.0
974,Uttar Pradesh,Gorakhpur,82.0 %,8.0 %,0.0 %,2.0 %,0.0 %,8.0 %,50.0
975,Uttar Pradesh,Hamirpur,78.95 %,10.53 %,0.0 %,0.0 %,0.0 %,10.53 %,19.0
976,Uttar Pradesh,Hapur,39.13 %,34.78 %,0.0 %,0.0 %,0.0 %,26.09 %,23.0
977,Uttar Pradesh,Hardoi,95.83 %,0.0 %,0.0 %,0.0 %,0.0 %,4.17 %,24.0
978,Uttar Pradesh,Hathras,79.17 %,0.0 %,0.0 %,4.17 %,0.0 %,16.67 %,24.0
979,Uttar Pradesh,Jalaun,80.0 %,8.0 %,0.0 %,4.0 %,0.0 %,8.0 %,25.0
980,Uttar Pradesh,Jaunpur,94.55 %,1.82 %,0.0 %,0.0 %,0.0 %,3.64 %,55.0
981,Uttar Pradesh,Jhansi,77.42 %,16.13 %,0.0 %,0.0 %,3.23 %,3.23 %,31.0
982,Uttar Pradesh,Jyotiba Phule Nagar,16.67 %,50.0 %,0.0 %,0.0 %,8.33 %,25.0 %,12.0
983,Uttar Pradesh,Jyotiba Phule Nagar *,0.0 %,100.0 %,0.0 %,0.0 %,0.0 %,0.0 %,1.0
984,Uttar Pradesh,Kannauj,100.0 %,0.0 %,0.0 %,0.0 %,0.0 %,0.0 %,17.0
985,Uttar Pradesh,Kanpur Dehat,71.43 %,0.0 %,0.0 %,0.0 %,7.14 %,21.43 %,28.0
986,Uttar Pradesh,Kanpur Nagar,90.38 %,7.69 %,0.0 %,0.0 %,0.0 %,1.92 %,52.0
987,Uttar Pradesh,Kasganj,92.86 %,0.0 %,0.0 %,0.0 %,0.0 %,7.14 %,14.0
988,Uttar Pradesh,Kaushambi,94.12 %,0.0 %,0.0 %,5.88 %,0.0 %,0.0 %,17.0
989,Uttar Pradesh,Kheri,96.43 %,0.0 %,0.0 %,0.0 %,3.57 %,0.0 %,28.0
990,Uttar Pradesh,Kushi Nagar,0.0 %,0.0 %,0.0 %,0.0 %,100.0 %,0.0 %,1.0
991,Uttar Pradesh,Kushinagar,79.17 %,4.17 %,0.0 %,0.0 %,0.0 %,16.67 %,24.0
992,Uttar Pradesh,Kushinagar *,33.33 %,66.67 %,0.0 %,0.0 %,0.0 %,0.0 %,3.0
993,Uttar Pradesh,Lalitpur,80.0 %,13.33 %,0.0 %,0.0 %,0.0 %,6.67 %,15.0
994,Uttar Pradesh,Lucknow,91.07 %,0.0 %,0.0 %,0.0 %,0.0 %,8.93 %,56.0
995,Uttar Pradesh,Maharajganj,88.89 %,0.0 %,0.0 %,0.0 %,0.0 %,11.11 %,18.0
996,Uttar Pradesh,Mahoba,62.5 %,12.5 %,0.0 %,0.0 %,0.0 %,25.0 %,16.0
997,Uttar Pradesh,Mahoba *,0.0 %,100.0 %,0.0 %,0.0 %,0.0 %,0.0 %,1.0
998,Uttar Pradesh,Mahrajganj,6.67 %,26.67 %,0.0 %,13.33 %,13.33 %,40.0 %,15.0
999,Uttar Pradesh,Mainpuri,87.5 %,4.17 %,0.0 %,4.17 %,0.0 %,4.17 %,24.0
1000,Uttar Pradesh,Mathura,96.55 %,0.0 %,0.0 %,0.0 %,3.45 %,0.0 %,29.0
1001,Uttar Pradesh,Mau,65.71 %,11.43 %,0.0 %,2.86 %,2.86 %,17.14 %,35.0
1002,Uttar Pradesh,Meerut,82.14 %,3.57 %,0.0 %,0.0 %,0.0 %,14.29 %,28.0
1003,Uttar Pradesh,Mirzapur,75.0 %,0.0 %,0.0 %,0.0 %,0.0 %,25.0 %,24.0
1004,Uttar Pradesh,Moradabad,60.0 %,14.29 %,0.0 %,0.0 %,5.71 %,20.0 %,35.0
1005,Uttar Pradesh,Muzaffarnagar,86.21 %,3.45 %,0.0 %,0.0 %,0.0 %,10.34 %,29.0
1006,Uttar Pradesh,Pilibhit,75.0 %,16.67 %,0.0 %,0.0 %,0.0 %,8.33 %,12.0
1007,Uttar Pradesh,Pratapgarh,95.12 %,0.0 %,0.0 %,2.44 %,0.0 %,2.44 %,41.0
1008,Uttar Pradesh,Prayagraj,69.81 %,13.21 %,0.0 %,3.77 %,1.89 %,11.32 %,53.0
1009,Uttar Pradesh,Rae Bareli,93.75 %,0.0 %,0.0 %,0.0 %,0.0 %,6.25 %,48.0
1010,Uttar Pradesh,Raebareli,0.0 %,73.33 %,0.0 %,6.67 %,0.0 %,20.0 %,15.0
1011,Uttar Pradesh,Rampur,100.0 %,0.0 %,0.0 %,0.0 %,0.0 %,0.0 %,10.0
1012,Uttar Pradesh,Saharanpur,100.0 %,0.0 %,0.0 %,0.0 %,0.0 %,0.0 %,23.0
1013,Uttar Pradesh,Sambhal,78.57 %,7.14 %,0.0 %,0.0 %,3.57 %,10.71 %,28.0
1014,Uttar Pradesh,Sant Kabir Nagar,85.71 %,4.76 %,0.0 %,4.76 %,0.0 %,4.76 %,21.0
1015,Uttar Pradesh,Sant Ravidas Nagar,73.68 %,15.79 %,0.0 %,5.26 %,0.0 %,5.26 %,19.0
1016,Uttar Pradesh,Sant Ravidas Nagar Bhadohi,38.46 %,15.38 %,0.0 %,0.0 %,7.69 %,38.46 %,13.0
1017,Uttar Pradesh,Shahjahanpur,100.0 %,0.0 %,0.0 %,0.0 %,0.0 %,0.0 %,17.0
1018,Uttar Pradesh,Shamli,91.67 %,0.0 %,0.0 %,0.0 %,0.0 %,8.33 %,12.0
1019,Uttar Pradesh,Shravasti,0.0 %,0.0 %,0.0 %,0.0 %,100.0 %,0.0 %,2.0
1020,Uttar Pradesh,Shrawasti,73.68 %,5.26 %,5.26 %,0.0 %,0.0 %,15.79 %,19.0
1021,Uttar Pradesh,Siddharth Nagar,0.0 %,0.0 %,0.0 %,0.0 %,100.0 %,0.0 %,6.0
1022,Uttar Pradesh,Siddharthnagar,79.17 %,8.33 %,0.0 %,4.17 %,0.0 %,8.33 %,24.0
1023,Uttar Pradesh,Sitapur,100.0 %,0.0 %,0.0 %,0.0 %,0.0 %,0.0 %,25.0
1024,Uttar Pradesh,Sonbhadra,83.33 %,0.0 %,0.0 %,4.17 %,0.0 %,12.5 %,24.0
1025,Uttar Pradesh,Sultanpur,72.09 %,4.65 %,2.33 %,0.0 %,2.33 %,18.6 %,43.0
1026,Uttar Pradesh,Unnao,85.71 %,2.86 %,0.0 %,2.86 %,2.86 %,5.71 %,35.0
1027,Uttar Pradesh,Varanasi,59.02 %,13.11 %,1.64 %,1.64 %,3.28 %,21.31 %,61.0
1028,Uttarakhand,Almora,65.12 %,16.28 %,0.0 %,0.0 %,0.0 %,18.6 %,43.0
1029,Uttarakhand,Bageshwar,86.67 %,0.0 %,0.0 %,0.0 %,0.0 %,13.33 %,15.0
1030,Uttarakhand,Chamoli,75.86 %,6.9 %,0.0 %,0.0 %,0.0 %,17.24 %,29.0
1031,Uttarakhand,Champawat,88.89 %,0.0 %,0.0 %,0.0 %,0.0 %,11.11 %,9.0
1032,Uttarakhand,Dehradun,83.72 %,4.65 %,0.0 %,2.33 %,2.33 %,6.98 %,43.0
1033,Uttarakhand,Garhwal,2.86 %,65.71 %,0.0 %,8.57 %,2.86 %,20.0 %,35.0
1034,Uttarakhand,Hardwar,21.05 %,10.53 %,0.0 %,15.79 %,5.26 %,47.37 %,19.0
1035,Uttarakhand,Haridwar,86.96 %,4.35 %,0.0 %,4.35 %,0.0 %,4.35 %,23.0
1036,Uttarakhand,Nainital,67.86 %,3.57 %,0.0 %,0.0 %,0.0 %,28.57 %,28.0
1037,Uttarakhand,Pauri Garhwal,78.26 %,0.0 %,0.0 %,0.0 %,0.0 %,21.74 %,46.0
1038,Uttarakhand,Pithoragarh,80.77 %,0.0 %,0.0 %,0.0 %,0.0 %,19.23 %,26.0
1039,Uttarakhand,Rudraprayag,71.43 %,0.0 %,0.0 %,0.0 %,0.0 %,28.57 %,14.0
1040,Uttarakhand,Tehri Garhwal,75.0 %,9.38 %,0.0 %,0.0 %,0.0 %,15.62 %,32.0
1041,Uttarakhand,Udham Singh Nagar,78.95 %,0.0 %,0.0 %,0.0 %,0.0 %,21.05 %,19.0
1042,Uttarakhand,Uttarkashi,62.5 %,6.25 %,0.0 %,0.0 %,0.0 %,31.25 %,16.0
1043,Uttaranchal,Almora,0.0 %,100.0 %,0.0 %,0.0 %,0.0 %,0.0 %,1.0
1044,Uttaranchal,Garhwal,0.0 %,100.0 %,0.0 %,0.0 %,0.0 %,0.0 %,1.0
1045,Uttaranchal,Tehri Garhwal,0.0 %,100.0 %,0.0 %,0.0 %,0.0 %,0.0 %,1.0
1046,Uttaranchal,Udham Singh Nagar *,0.0 %,100.0 %,0.0 %,0.0 %,0.0 %,0.0 %,1.0
1047,WEST BENGAL,HOOGHLY,0.0 %,50.0 %,0.0 %,0.0 %,25.0 %,25.0 %,4.0
1048,WEST BENGAL,HOWRAH,0.0 %,50.0 %,0.0 %,0.0 %,0.0 %,50.0 %,2.0
1049,WEST BENGAL,hooghly,0.0 %,100.0 %,0.0 %,0.0 %,0.0 %,0.0 %,1.0
1050,WESTBENGAL,HOOGHLY,0.0 %,0.0 %,0.0 %,0.0 %,0.0 %,100.0 %,3.0
1051,West  Bengal,Hooghly,33.33 %,33.33 %,0.0 %,0.0 %,16.67 %,16.67 %,6.0
1052,West Bangal,Hooghly,0.0 %,0.0 %,0.0 %,20.0 %,0.0 %,80.0 %,5.0
1053,West Bangal,Howrah,66.67 %,0.0 %,0.0 %,0.0 %,0.0 %,33.33 %,3.0
1054,West Bangal,South 24 Parganas,0.0 %,100.0 %,0.0 %,0.0 %,0.0 %,0.0 %,1.0
1055,West Bengal,24 Paraganas North,0.0 %,0.0 %,0.0 %,0.0 %,100.0 %,0.0 %,23.0
1056,West Bengal,24 Paraganas South,0.0 %,0.0 %,0.0 %,0.0 %,100.0 %,0.0 %,1.0
1057,West Bengal,Alipurduar,85.19 %,7.41 %,0.0 %,0.0 %,0.0 %,7.41 %,27.0
1058,West Bengal,Bally Jagachha,0.0 %,100.0 %,0.0 %,0.0 %,0.0 %,0.0 %,4.0
1059,West Bengal,Bankura,80.23 %,11.63 %,0.0 %,0.0 %,0.0 %,8.14 %,86.0
1060,West Bengal,Barddhaman,85.63 %,2.87 %,0.0 %,0.0 %,0.57 %,10.92 %,174.0
1061,West Bengal,Bardhaman,42.65 %,19.85 %,0.0 %,1.47 %,3.68 %,32.35 %,136.0
1062,West Bengal,Birbhum,77.19 %,8.77 %,0.0 %,1.75 %,0.0 %,12.28 %,57.0
1063,West Bengal,Burdwan,0.0 %,0.0 %,0.0 %,0.0 %,0.0 %,100.0 %,1.0
1064,West Bengal,Cooch Behar,67.24 %,15.52 %,0.0 %,0.0 %,0.0 %,17.24 %,58.0
1065,West Bengal,Coochbehar,0.0 %,0.0 %,0.0 %,0.0 %,100.0 %,0.0 %,8.0
1066,West Bengal,Dakshin Dinajpur,76.67 %,6.67 %,0.0 %,3.33 %,0.0 %,13.33 %,30.0
1067,West Bengal,Darjeeling,81.43 %,5.71 %,0.0 %,0.0 %,0.0 %,12.86 %,70.0
1068,West Bengal,Darjiling,19.57 %,56.52 %,0.0 %,0.0 %,4.35 %,19.57 %,46.0
1069,West Bengal,Dinajpur Dakshin,0.0 %,0.0 %,0.0 %,0.0 %,100.0 %,0.0 %,2.0
1070,West Bengal,Dinajpur Uttar,0.0 %,0.0 %,0.0 %,0.0 %,100.0 %,0.0 %,6.0
1071,West Bengal,Domjur,0.0 %,100.0 %,0.0 %,0.0 %,0.0 %,0.0 %,3.0
1072,West Bengal,East Midnapore,52.0 %,17.0 %,0.0 %,1.0 %,0.0 %,30.0 %,100.0
1073,West Bengal,East Midnapur,0.0 %,66.67 %,0.0 %,33.33 %,0.0 %,0.0 %,3.0
1074,West Bengal,East midnapore,0.0 %,0.0 %,0.0 %,0.0 %,0.0 %,100.0 %,1.0
1075,West Bengal,HOOGHLY,0.0 %,66.67 %,0.0 %,0.0 %,0.0 %,33.33 %,3.0
1076,West Bengal,HOWRAH,0.0 %,25.0 %,0.0 %,0.0 %,25.0 %,50.0 %,4.0
1077,West Bengal,Haora,79.63 %,7.41 %,0.0 %,0.0 %,0.0 %,12.96 %,54.0
1078,West Bengal,Hawrah,0.0 %,0.0 %,0.0 %,0.0 %,50.0 %,50.0 %,2.0
1079,West Bengal,Hooghiy,0.0 %,33.33 %,0.0 %,33.33 %,0.0 %,33.33 %,3.0
1080,West Bengal,Hooghly,88.29 %,0.0 %,0.9 %,0.9 %,0.9 %,9.01 %,111.0
1081,West Bengal,Howrah,96.61 %,1.69 %,1.69 %,0.0 %,0.0 %,0.0 %,59.0
1082,West Bengal,Hugli,3.45 %,32.18 %,0.0 %,5.75 %,9.2 %,49.43 %,87.0
1083,West Bengal,Jalpaiguri,88.46 %,5.13 %,0.0 %,0.0 %,0.0 %,6.41 %,78.0
1084,West Bengal,Jhargram,42.37 %,6.78 %,0.0 %,0.0 %,1.69 %,49.15 %,59.0
1085,West Bengal,KOLKATA,0.0 %,50.0 %,0.0 %,0.0 %,0.0 %,50.0 %,2.0
1086,West Bengal,Kalimpong,66.67 %,5.56 %,0.0 %,0.0 %,0.0 %,27.78 %,18.0
1087,West Bengal,Koch Bihar,82.5 %,5.0 %,0.0 %,0.0 %,0.0 %,12.5 %,40.0
1088,West Bengal,Kolkata,78.0 %,4.0 %,0.0 %,0.0 %,0.0 %,18.0 %,100.0
1089,West Bengal,MALDA,100.0 %,0.0 %,0.0 %,0.0 %,0.0 %,0.0 %,1.0
1090,West Bengal,Malda,97.44 %,2.56 %,0.0 %,0.0 %,0.0 %,0.0 %,39.0
1091,West Bengal,Maldah,63.16 %,13.16 %,2.63 %,0.0 %,10.53 %,10.53 %,38.0
1092,West Bengal,Medinipur,0.0 %,67.65 %,0.0 %,4.41 %,2.94 %,25.0 %,68.0
1093,West Bengal,Medinipur West,0.0 %,0.0 %,0.0 %,0.0 %,100.0 %,0.0 %,2.0
1094,West Bengal,Murshidabad,88.0 %,2.0 %,0.0 %,0.0 %,0.0 %,10.0 %,100.0
1095,West Bengal,NADIA,0.0 %,100.0 %,0.0 %,0.0 %,0.0 %,0.0 %,1.0
1096,West Bengal,Nadia,95.0 %,0.0 %,0.0 %,2.5 %,0.0 %,2.5 %,80.0
1097,West Bengal,Naihati Anandabazar,0.0 %,100.0 %,0.0 %,0.0 %,0.0 %,0.0 %,1.0
1098,West Bengal,North 24 Parganas,94.12 %,2.61 %,0.0 %,0.65 %,0.0 %,2.61 %,153.0
1099,West Bengal,North Dinajpur,45.83 %,33.33 %,0.0 %,8.33 %,0.0 %,12.5 %,24.0
1100,West Bengal,North Twenty Four Parganas,31.97 %,19.67 %,0.82 %,0.0 %,6.56 %,40.98 %,122.0
1101,West Bengal,Paschim Bardhaman,59.38 %,6.25 %,1.04 %,2.08 %,0.0 %,31.25 %,96.0
1102,West Bengal,Paschim Medinipur,89.0 %,3.0 %,0.0 %,1.0 %,0.0 %,7.0 %,100.0
1103,West Bengal,Purba Bardhaman,51.59 %,13.49 %,0.79 %,1.59 %,0.79 %,31.75 %,126.0
1104,West Bengal,Purba Medinipur,84.26 %,2.78 %,0.0 %,1.85 %,0.0 %,11.11 %,108.0
1105,West Bengal,Purulia,62.5 %,3.12 %,0.0 %,0.0 %,3.12 %,31.25 %,32.0
1106,West Bengal,Puruliya,93.18 %,0.0 %,0.0 %,2.27 %,2.27 %,2.27 %,44.0
1107,West Bengal,South  Twenty Four Parganas,0.0 %,100.0 %,0.0 %,0.0 %,0.0 %,0.0 %,3.0
1108,West Bengal,South 24 Pargana,33.33 %,66.67 %,0.0 %,0.0 %,0.0 %,0.0 %,3.0
1109,West Bengal,South 24 Parganas,95.79 %,1.05 %,0.0 %,1.05 %,0.0 %,2.11 %,95.0
1110,West Bengal,South 24 pargana,0.0 %,0.0 %,0.0 %,0.0 %,0.0 %,100.0 %,1.0
1111,West Bengal,South 24 parganas,0.0 %,100.0 %,0.0 %,0.0 %,0.0 %,0.0 %,2.0
1112,West Bengal,South Dinajpur,36.36 %,22.73 %,0.0 %,0.0 %,0.0 %,40.91 %,22.0
1113,West Bengal,South DumDum(M),0.0 %,100.0 %,0.0 %,0.0 %,0.0 %,0.0 %,1.0
1114,West Bengal,South Twenty Four Parganas,58.11 %,13.51 %,1.35 %,0.0 %,6.76 %,20.27 %,74.0
1115,West Bengal,Uttar Dinajpur,100.0 %,0.0 %,0.0 %,0.0 %,0.0 %,0.0 %,25.0
1116,West Bengal,West Medinipur,0.0 %,0.0 %,0.0 %,0.0 %,0.0 %,100.0 %,1.0
1117,West Bengal,West Midnapore,43.42 %,26.32 %,0.0 %,0.0 %,3.95 %,26.32 %,76.0
1118,West Bengal,east midnapore,0.0 %,100.0 %,0.0 %,0.0 %,0.0 %,0.0 %,1.0
1119,West Bengal,hooghly,50.0 %,0.0 %,0.0 %,0.0 %,0.0 %,50.0 %,2.0
1120,West Bengal,nadia,0.0 %,0.0 %,100.0 %,0.0 %,0.0 %,0.0 %,1.0
1121,West Bengli,Hooghly,0.0 %,100.0 %,0.0 %,0.0 %,0.0 %,0.0 %,1.0
1122,West bengal,Hooghly,0.0 %,100.0 %,0.0 %,0.0 %,0.0 %,0.0 %,1.0
1123,West bengal,South 24 Parganas,0.0 %,100.0 %,0.0 %,0.0 %,0.0 %,0.0 %,1.0
1124,West bengal,hooghly,0.0 %,0.0 %,0.0 %,0.0 %,0.0 %,100.0 %,2.0
1125,Westbengal,Hooghly,0.0 %,20.0 %,0.0 %,0.0 %,40.0 %,40.0 %,5.0
1126,Westbengal,Howrah,0.0 %,100.0 %,0.0 %,0.0 %,0.0 %,0.0 %,2.0
1127,andhra pradesh,chittoor,0.0 %,0.0 %,0.0 %,0.0 %,0.0 %,100.0 %,1.0
1128,andhra pradesh,rangareddi,0.0 %,0.0 %,0.0 %,0.0 %,0.0 %,100.0 %,1.0
1129,odisha,Gajapati,0.0 %,100.0 %,0.0 %,0.0 %,0.0 %,0.0 %,3.0
1130,west Bengal,South 24 Parganas,0.0 %,0.0 %,0.0 %,0.0 %,0.0 %,100.0 %,1.0
